Region 3 Catskill Forest Preserve Trailhead Tally - Wild Forest Areas,,,,,,,,,,,,,,,,,,,,,,,,,,,,,,,,,,,,,,,,,,,,,,,,,,,,,,,,,,,,,,,,,,,,,,,,,,,,,,,,,,,,,,,,,,,,,,,,,,,,,,
,1991,1992,1993,1994,1995,1996,1997,1998,1999,2000,2001,2002,2003,2004,2005,2006,2007,2008,2009,2010,2011,2012,2013,2014,2015,2016,2017,2018,2019,2020,2021,2022,2023,2024,2025,2026,2027,2028,2029,2030,2031,2032,2033,2034,2035,2036,2037,2038,2039,2040,2041,10 YEAR MOVING AVERAGE ,,,,,,,,,,,,,,,,,,,,,,,,,10 YEAR MOVING AVERAGE ,,,,,,,,,,,,,,,,,,,,,,,,,
Balsam Lake Mountain Wild Forest,,,,,,,,,,,,,,,,,,,,,,,,,,,,,,,,,,,,,,,,,,,,,,,,,,,,1991,1992,1993,1994,1995,1996,1997,1998,1999,2000,2001,2002,2003,2004,2005,2006,2007,2008,2009,2010,2011,2012,2013,2014,2015,2016,2017,2018,2019,2020,2021,2022,2023,2024,2025,2026,2027,2028,2029,2030,2031,2032,2033,2034,2035,2036,2037,2038,2039,2040,2041
Alder Lake,1348,823,1170,826,1296,1151,1250,2013,2135,1472,1579,1828,1630,1440,1368,1608,1616,,,1760,,1691,0,1622,1824,2678,2316,2058,2242,2476,2283,1723,1734,1441,0,0,0,0,0,0,0,0,0,0,0,0,0,0,0,0,0,,,,,,,,,,1348.4,1371.5,1472,1518,1579.4,1586.6,1632.3,1668.9,1630.6666666666667,1567.625,1603.625,1607.142857142857,1587.5714285714287,1580.5,1610.8333333333333,1686.8333333333333,1865.1666666666667,1981.8333333333333,1992.7142857142858,2023.875,2113.375,2132.222222222222,2135.777777777778,2095.6,2077.5,2105.6666666666665,2034.125,1993.857142857143,1983.1666666666667,1931.4,1795.25,1632.6666666666667,1587.5,1441,,,,,,,,
Beaverkill (Toward Fire Tower) ,,,,671,830,617,871,1076,946,944,1003,895,1059,1060,954,1021,1088,,,1398,,1641,0,1193,1307,1732,1326,1340,2123.3333333333335,1960,1973,1956,1788,1289,0,0,0,0,0,0,0,0,0,0,0,0,0,0,0,0,0,,,,,,,,,,850.7142857142857,869.75,872.5555555555555,891.2,930.1,942.5,982.9,1004.6,996.6666666666666,1003,1059.75,1067.857142857143,1174.4285714285713,1193.6666666666667,1215.8333333333333,1274.6666666666667,1393.1666666666667,1432.8333333333333,1419.5714285714287,1507.5416666666667,1577.7916666666667,1621.7037037037037,1656.7037037037037,1669.8333333333335,1679.4333333333336,1720.8148148148148,1719.4166666666667,1775.6190476190477,1848.2222222222224,1793.2,1751.5,1677.6666666666667,1538.5,128.9,0,0,0,0,0,0,0,0
Dry Brook Ridge (Toward Lean-to),,,,349,457,313,270,271,257,263,230,243,162,236,313,153,152,,,126,,260,161,227,196,251,209,320,362,296.99999999999994,343,299,235,186,0,0,0,0,0,0,0,0,0,0,0,0,0,0,0,0,0,,,,,,,,,,311.42857142857144,301.25,294.77777777777777,281.5,270.2,255.8,239.8,228,223.22222222222223,219,201.875,197.85714285714286,200.28571428571428,200.14285714285714,198.85714285714286,182.14285714285714,196.14285714285714,204.28571428571428,218.75,234.66666666666666,253.66666666666666,262.6,266.5,273.9,269.8,278,281.375,291.7142857142857,287,272,265.75,240,210.5,18.6,0,0,0,0,0,0,0,0
Kelly Hollow,242,275,223,327,345,290,428,393,379,423,468,544,511,525,595,598,687,,,916,,901,733,714,760,952,901,974,1229,2014,0,0,0,0,0,0,0,0,0,0,0,0,0,0,0,0,0,0,0,0,0,,,,,,,,,,332.5,355.1,382,410.8,430.6,455.6,486.4,512.3,525.5555555555555,543.875,605.5,625.1428571428571,676.1428571428571,707.8571428571429,734.8571428571429,758.4285714285714,809,839.5714285714286,856.375,897.7777777777778,1019.7777777777778,1019.7777777777778,1034.625,1077.7142857142858,1138.3333333333333,1214,1279.5,1405.6666666666667,1621.5,2014,,,,0,0,0,0,0,0,0,0,0
Millbrook (Toward Fire Tower) ,861,765,891,1156,972,813,927,1168,1359,1316,1534,1328,1131,1341,1152,1339,1183,,,916,,1261,1662,1932,2033,2525,2375,2186,3316,3158,2705,3212,3048,3198,1802,0,0,0,0,0,0,0,0,0,0,0,0,0,0,0,0,,,,,,,,,,1022.8,1090.1,1146.4,1170.4,1188.9,1206.9,1259.5,1285.1,1298.111111111111,1290.5,1240.5,1198.5714285714287,1189,1264.857142857143,1349.2857142857142,1475.142857142857,1644.5714285714287,1814.857142857143,1861.25,2022.888888888889,2272,2315.3,2510.4,2649,2775.6,2752.5,2777.777777777778,2828.125,2919.8571428571427,2853.8333333333335,2793,2815,2682.6666666666665,500,180.2,0,0,0,0,0,0,0
Quaker Clearing (Neversink-Hardenburgh),259,241,327,374,305,278,291,322,243,289,240,154,100,204,197,184,213,,,,,,,155,237,206,235,203,276,169.66666666666669,187,165,161,136,0,0,0,0,0,0,0,0,0,0,0,0,0,0,0,0,0,,,,,,,,,,292.9,291,282.3,259.6,242.6,231.8,222.4,214.6,202.66666666666666,197.625,184.57142857142858,175.33333333333334,179.6,199.5,187.25,197.25,202.75,208.25,207.2,218.66666666666666,211.66666666666669,208.58333333333334,203.74074074074076,199.46666666666667,197.56666666666666,193.1851851851852,191.58333333333334,185.38095238095238,182.44444444444446,163.73333333333335,162.25,154,148.5,13.6,0,0,0,0,0,0,0,0
BLM WF TOTALS,2710,2104,2611,3703,4205,3462,4037,5243,5319,4707,5054,4992,4593,4806,4579,4903,4939,,,5116,,5754,2556,5843,6357,8344,7362,7081,9548.333333333334,10074.666666666666,7491,7355,6966,6250,1802,0,0,0,0,0,0,0,0,0,0,0,0,0,0,0,0,,,,,,,,,,3810.1,4044.5,4333.3,4531.5,4641.8,4679.2,4823.3,4913.5,4876.888888888889,4821.625,4872.75,4846.857142857143,4955.714285714285,4664.714285714285,4812.857142857143,5066.857142857143,5558.428571428572,5904.571428571428,6051.625,6440.148148148149,6991.111111111111,7041.1,7201.2,7642.2,7682.9,7227.4,7103.333333333333,7071,7069.571428571428,6656.444444444444,5972.8,5593.25,5006,805.2,180.2,0,0,0,0,0,0,0
Bluestone Wild Forest,,,,,,,,,,,,,,,,,,,,,,,,,,,,,,,,,,,,,,,,,,,,,,,,,,,,,,,,,,,,,,,,,,,,,,,,,,,,,,,,,,,,,,,,,,,,,,,,,,,,,,
Onteora Lake,,,,,,,,,,,,567,,,,1102,1887,,,1711,,2359,2084,2016,2933,3467,3449,3184,3590,3407.666666666667,0,1836,0,0,0,0,0,0,0,0,0,0,0,0,0,0,0,0,0,0,0,,,,,,,,,,,,567,567,567,567,834.5,1185.3333333333333,1185.3333333333333,1185.3333333333333,1316.75,1316.75,1764.75,1828.6,1859.8333333333333,2013.142857142857,2351,2574.1428571428573,2650.375,2754.777777777778,2943.2962962962965,2943.2962962962965,2885.185185185185,2985.3333333333335,3123.809523809524,3155.6111111111113,3093.3333333333335,3004.416666666667,2944.555555555556,2621.8333333333335,1836,1836,,,,,,,,,,
Overlook Mountain Wild Forest,,,,,,,,,,,,,,,,,,,,,,,,,,,,,,,,,,,,,,,,,,,,,,,,,,,,,,,,,,,,,,,,,,,,,,,,,,,,,,,,,,,,,,,,,,,,,,,,,,,,,,
Overlook Mountain,4030,2993,3251,5256,4876,5005,6392,6869,6088,5676,7054,6673,6928,7054,6042,6953,7305,,,,,7491,9246,10860,12610,10933.33333333333,16658,14888,12762,9107,8244,8006,8153,8833,4991,0,0,0,0,0,0,0,0,0,0,0,0,0,0,0,0,,,,,,,,,,5043.6,5346,5714,6081.7,6261.5,6378.1,6572.9,6664.2,6641.444444444444,6710.625,6858.428571428572,6825.833333333333,6962.166666666667,7348.5,7982.833333333333,9077.5,9740.888888888889,11299.72222222222,11812.333333333332,11931.041666666666,11617.25925925926,11279.933333333332,11331.433333333332,11222.133333333333,11019.433333333332,10257.533333333333,10182.444444444445,9373,8585.142857142857,7889,7645.4,7495.75,7325.666666666667,6912,4991,,,,,,,
Phoenicia-Mount Tobias Wild Forest,,,,,,,,,,,,,,,,,,,,,,,,,,,,,,,,,,,,,,,,,,,,,,,,,,,,,,,,,,,,,,,,,,,,,,,,,,,,,,,,,,,,,,,,,,,,,,,,,,,,,,
Mount Tremper,1528,1465,1427,1600,1763,1142,1445,2068,1925,1570,2569,2452,2007,2229,1922,2252,2378,,,2682,,2758,2606,2928,3554,2967.333333333333,3096,3496,4635,3367.3333333333335,2808.333333333333,3606.777777777778,2833,1060,0,0,0,0,0,0,0,0,0,0,0,0,0,0,0,0,0,,,,,,,,,,1593.3,1697.4,1796.1,1854.1,1917,1932.9,2043.9,2137.2,2144.8888888888887,2172.375,2311.375,2274.5714285714284,2318.285714285714,2403.8571428571427,2503.714285714286,2736.8571428571427,2839.047619047619,2941.6190476190473,3010.9166666666665,3191.3703703703704,3267.5185185185182,3221.5999999999995,3306.477777777777,3329.1777777777775,3142.3777777777773,3096.6419753086416,3112.8055555555557,3115.2063492063494,3051.740740740741,2735.0888888888885,2577.027777777778,2499.9259259259256,1946.5,1060,,,,,,,,
Shandaken Wild Forest,,,,,,,,,,,,,,,,,,,,,,,,,,,,,,,,,,,,,,,,,,,,,,,,,,,,,,,,,,,,,,,,,,,,,,,,,,,,,,,,,,,,,,,,,,,,,,,,,,,,,,
Rochester Hollow,4760,4535,4439,4617,,,,,,,,,,415,640,683,826,,,,,697,1111,1378,1622,1413.8999999999999,1870,1648,1697,2167,4462,1782,1777,1272,0,0,0,0,0,0,0,0,0,0,0,0,0,0,0,0,0,,,,,,,,,,4587.75,4530.333333333333,4528,4617,415,527.5,579.3333333333334,641,641,641,641,641,652.2,728.6666666666666,889.1666666666666,1052.8333333333333,1174.6499999999999,1348.6499999999999,1391.4142857142856,1429.6125,1511.5444444444445,1806.5900000000001,1915.0900000000001,1981.69,1971.0900000000001,2009.877777777778,2084.375,2115,2192.8333333333335,2292,2323.25,1610.3333333333333,1524.5,1272,,,,,,,,
Sundown Wild Forest,,,,,,,,,,,,,,,,,,,,,,,,,,,,,,,,,,,,,,,,,,,,,,,,,,,,,,,,,,,,,,,,,,,,,,,,,,,,,,,,,,,,,,,,,,,,,,,,,,,,,,
Ashokan High Point,,,,,,1274,1705,2141,1579,1461,1549,1889,1588,1703,1502,1906,1705,,,1544,,1891,1822,1813,1985,1846,2051,1733,1827,2537,1829,1560,1376,1515,1117,0,0,0,0,0,0,0,0,0,0,0,0,0,0,0,0,,,,,,,,,,1632,1618.1666666666667,1656.857142857143,1648.25,1654.3333333333333,1639.1,1702.3,1702.3,1653.5555555555557,1662.875,1673.25,1691,1691.2857142857142,1724.7142857142858,1740.4285714285713,1809.4285714285713,1800.857142857143,1850.2857142857142,1835.625,1834.6666666666667,1945,1933.4,1900.3,1855.7,1825.9,1739.1,1727.2222222222222,1686.75,1680.142857142857,1655.6666666666667,1479.4,1392,1336,1316,1117,,,,,,,
Red Hill (Dinch Road),,,,,,,,,,,,636,599,955,736,791,879,,,1279,,1058,1037,1727,1807,2222,2331,2270,3755,3397,2257,1929,1886,200,0,0,0,0,0,0,0,0,0,0,0,0,0,0,0,0,0,,,,,,,,,,,,636,617.5,730,731.5,743.4,766,766,766,839.2857142857143,839.2857142857143,899.5714285714286,962.1428571428571,1072.4285714285713,1225.4285714285713,1429.857142857143,1637.2857142857142,1716.375,1942.888888888889,2178.222222222222,2186.1,2273.2,2358.1,2205.4,2249.6666666666665,2253.125,2242,2237.3333333333335,1933.8,1568,1338.3333333333333,1043,200,,,,,,,,
Vernooy Kill,1389,828,1419,1892,2212,1948,2078,2305,2420,1495,1723,1426,1453,1507,1532,1818,2220,,,836,,1851,1912,2061,2252,3441,3872,3492,3170,3511.3333333333335,0,1025,0,0,0,0,0,0,0,0,0,0,0,0,0,0,0,0,0,0,0,,,,,,,,,,1798.6,1832,1891.8,1895.2,1856.7,1788.7,1775.7,1789.9,1732.6666666666667,1646.75,1564.375,1541.7142857142858,1602.4285714285713,1668,1747.142857142857,1850,2081.8571428571427,2317.8571428571427,2464.625,2543,2840.259259259259,2840.259259259259,2748.4814814814813,2853.0416666666665,2966.190476190476,3085.222222222222,3014.0666666666666,2799.5833333333335,2568.777777777778,2268.166666666667,1025,1025,,,,,,,,,,
Sundown WF TOTALS,1389,828,1419,1892,2212,3222,3783,4446,3999,2956,3272,3951,3640,4165,3770,4515,4804,,,3659,,4800,4771,5601,6044,7509,8254,7495,8752,9445.333333333334,4086,4514,3262,1715,1117,0,0,0,0,0,0,0,0,0,0,0,0,0,0,0,0,,,,,,,,,,2614.6,2802.9,3115.2,3337.3,3564.6,3720.4,3849.7,3951.8,3896.8888888888887,3884.125,3972,4072,4193.285714285715,4354.857142857143,4560,4884.857142857143,5312.571428571428,5805.428571428572,6016.625,6320.555555555556,6963.481481481482,6675.7333333333345,6647.133333333334,6496.233333333334,6107.633333333333,5614.933333333333,5404.481481481482,5048.291666666667,4698.7619047619055,4023.2222222222226,2938.8,2652,2031.3333333333333,1416,1117,,,,,,,
Willowemoc Wild Forest,,,,,,,,,,,,,,,,,,,,,,,,,,,,,,,,,,,,,,,,,,,,,,,,,,,,,,,,,,,,,,,,,,,,,,,,,,,,,,,,,,,,,,,,,,,,,,,,,,,,,,
Flynn,,,,229,376,432,639,592,610,502,408,471,355,353,441,372,430,,,,,396,356,470,588,640,888,897,853,966,641,547,483,270,0,0,0,0,0,0,0,0,0,0,0,0,0,0,0,0,0,,,,,,,,,,482.85714285714283,473.5,473.22222222222223,461.4,473.8,480.3,474.3,453.4,438,416.5,404.2857142857143,403.6666666666667,391.1666666666667,391.3333333333333,410.8333333333333,435.3333333333333,480,556.3333333333334,605,636,672.6666666666666,669.5,684.6,697.3,677.3,687.2222222222222,693.125,665.2857142857143,626.6666666666666,581.4,485.25,433.3333333333333,376.5,270,,,,,,,,
Frick Pond,43,398,556,934,1418,1279,1526,1809,1517,1132,1153,980,773,720,879,692,763,,,,,,692,1095,1231,1575,1642,1391,1650,1909,1727,1432,1342,1066,0,0,0,0,0,0,0,0,0,0,0,0,0,0,0,0,0,,,,,,,,,,1061.2,1172.2,1230.4,1252.1,1230.7,1176.8,1118.1,1041.8,956.5555555555555,886.5,851.4285714285714,801.1666666666666,765.4,749.2,824.2,894.6,1071.2,1247,1271,1325.142857142857,1398.125,1434.6666666666667,1434.4,1499.4,1496.5,1526,1519.875,1502.4285714285713,1521,1495.2,1391.75,1280,1204,1066,,,,,,,,
Long Pond,511,423,592,746,685,534,565,560,543,771,536,360,300,321,371,252,331,,,189,,256,327,398,306,342,284,255,351,595,442,0,0,0,0,0,0,0,0,0,0,0,0,0,0,0,0,0,0,0,0,,,,,,,,,,593,595.5,589.2,560,517.5,486.1,457.9,434.5,420.55555555555554,405.25,332.5,303.42857142857144,288.57142857142856,292.42857142857144,303.42857142857144,294.14285714285717,307,300.2857142857143,294.625,300.8888888888889,346,355.6,366.6666666666667,371.625,367.85714285714283,378.1666666666667,385.4,410.75,462.6666666666667,518.5,442,,,,,,,,,,,
Willowemoc WF TOTALS,554,821,1148,1909,2479,2245,2730,2961,2670,2405,2097,1811,1428,1394,1691,1316,1524,,,189,,652,1375,1963,2125,2557,2814,2543,2854,3470,2810,1979,1825,1336,0,0,0,0,0,0,0,0,0,0,0,0,0,0,0,0,0,,,,,,,,,,1992.2,2146.5,2245.5,2273.5,2222,2143.2,2050.3,1929.7,1815.111111111111,1708.25,1431.25,1336.142857142857,1170.5714285714287,1163,1244.2857142857142,1306.2857142857142,1483.5714285714287,1667.857142857143,1777.25,1896.888888888889,2261.4444444444443,2316.3,2449,2494,2431.3,2465.3333333333335,2453.875,2402.4285714285716,2379,2284,1987.5,1713.3333333333333,1580.5,1336,,,,,,,,
WILD FOREST TOTALS,14971,12746,14295,18977,15535,15076,18387,21587,20001,17314,20046,20446,18596,20063,18644,21724,23663,,,13357,,24511,23749,30589,35245,37191.566666666666,43503,40335,43838.333333333336,41039,29901.333333333332,29078.777777777777,24816,20466,7910,0,0,0,0,0,0,0,0,0,0,0,0,0,0,0,0,,,,,,,,,,16888.9,17396.4,18166.4,18596.5,18705.1,19016,19680.8,20208.4,20055.222222222223,20062,19567.375,19499,20079.714285714286,20815.85714285714,22319.571428571428,24691.14285714286,26900.795238095237,29735.08095238095,31060.07083333333,32479.877777777772,35555.65555555555,34990.22333333333,35447.00111111111,35553.701111111106,34541.40111111111,31807.90111111111,31209.71604938272,29673.05555555556,28149.920634920632,25535.185185185186,22434.422222222223,20567.694444444445,17730.666666666668,14188,7910,,,,,,,
,,,,,,,,,,10 YEAR MOVING AVERAGE ,,,,,,,10 YEAR MOVING AVERAGE ,,,,,,,,,10 YEAR MOVING AVERAGE ,,,,,,,,,,,,,,,,,,,,,,,,,,,,,,,,,,,,,,,,,,,,,,,,,,,,,,,,,,,,,,,,,,,,,,,,,,,,
,,,,,,,,,Balsam Lake Mountain WF,2000,2001,2002,2003,2004,2005,2006,2007,2008,2009,2010,2011,2012,2013,2014,2015,2016,2017,2018,2019,2020,,,,,,,,,,,,,,,,,,,,,,,,,,,,,,,,,,,,,,,,,,,,,,,,,,,,,,,,,,,,,,,,,,,,,,,,
,,,,,,,,,Alder Lake,1348.4,1371.5,1472,1518,1579.4,1586.6,1632.3,1668.9,1630.6666666666667,1567.625,1603.625,1607.142857142857,1587.5714285714287,1580.5,1610.8333333333333,1686.8333333333333,1865.1666666666667,1981.8333333333333,1992.7142857142858,2023.875,2113.375,,,,,,,,,,,,,,,,,,,,,,,,,,,,,,,,,,,,,,,,,,,,,,,,,,,,,,,,,,,,,,,,,,,,,,,,
,,,,,,,,,Beaverkill (Toward Fire Tower) ,850.7142857142857,869.75,872.5555555555555,891.2,930.1,942.5,982.9,1004.6,996.6666666666666,1003,1059.75,1067.857142857143,1174.4285714285713,1193.6666666666667,1215.8333333333333,1274.6666666666667,1393.1666666666667,1432.8333333333333,1419.5714285714287,1507.5416666666667,1577.7916666666667,,,,,,,,,,,,,,,,,,,,,,,,,,,,,,,,,,,,,,,,,,,,,,,,,,,,,,,,,,,,,,,,,,,,,,,,
,,,,,,,,,Dry Brook Ridge (Toward Lean-to),311.42857142857144,301.25,294.77777777777777,281.5,270.2,255.8,239.8,228,223.22222222222223,219,201.875,197.85714285714286,200.28571428571428,200.14285714285714,198.85714285714286,182.14285714285714,196.14285714285714,204.28571428571428,218.75,234.66666666666666,253.66666666666666,,,,,,,,,,,,,,,,,,,,,,,,,,,,,,,,,,,,,,,,,,,,,,,,,,,,,,,,,,,,,,,,,,,,,,,,
,,,,,,,,,Kelly Hollow,332.5,355.1,382,410.8,430.6,455.6,486.4,512.3,525.5555555555555,543.875,605.5,625.1428571428571,676.1428571428571,707.8571428571429,734.8571428571429,758.4285714285714,809,839.5714285714286,856.375,897.7777777777778,1019.7777777777778,,,,,,,,,,,,,,,,,,,,,,,,,,,,,,,,,,,,,,,,,,,,,,,,,,,,,,,,,,,,,,,,,,,,,,,,
,,,,,,,,,Millbrook (Toward Fire Tower) ,1022.8,1090.1,1146.4,1170.4,1188.9,1206.9,1259.5,1285.1,1298.111111111111,1290.5,1240.5,1198.5714285714287,1189,1264.857142857143,1349.2857142857142,1475.142857142857,1644.5714285714287,1814.857142857143,1861.25,2022.888888888889,2263.222222222222,,,,,,,,,,,,,,,,,,,,,,,,,,,,,,,,,,,,,,,,,,,,,,,,,,,,,,,,,,,,,,,,,,,,,,,,
,,,,,,,,,Quaker Clearing (Neversink-Hardenburgh),292.9,291,282.3,259.6,242.6,231.8,222.4,214.6,202.66666666666666,197.625,184.57142857142858,175.33333333333334,179.6,199.5,187.25,197.25,202.75,208.25,207.2,218.66666666666666,211.66666666666669,,,,,,,,,,,,,,,,,,,,,,,,,,,,,,,,,,,,,,,,,,,,,,,,,,,,,,,,,,,,,,,,,,,,,,,,
,,,,,,,,,BLM WF TOTALS,3810.1,4044.5,4333.3,4531.5,4641.8,4679.2,4823.3,4913.5,4876.888888888889,4821.625,4872.75,4846.857142857143,4955.714285714285,4664.714285714285,4812.857142857143,5066.857142857143,5558.428571428572,5904.571428571428,6051.625,6440.148148148149,6982.333333333333,,,,,,,,,,,,,,,,,,,,,,,,,,,,,,,,,,,,,,,,,,,,,,,,,,,,,,,,,,,,,,,,,,,,,,,,
,,,,,,,,,Bluestone Wild Forest,,,,,,,,,,,,,,,,,,,,,,,,,,,,,,,,,,,,,,,,,,,,,,,,,,,,,,,,,,,,,,,,,,,,,,,,,,,,,,,,,,,,,,,,,,,,,
,,,,,,,,,Onteora Lake,,,567,567,567,567,834.5,1185.3333333333333,1185.3333333333333,1185.3333333333333,1316.75,1316.75,1764.75,1828.6,1859.8333333333333,2013.142857142857,2351,2574.1428571428573,2650.375,2754.777777777778,2943.2962962962965,,,,,,,,,,,,,,,,,,,,,,,,,,,,,,,,,,,,,,,,,,,,,,,,,,,,,,,,,,,,,,,,,,,,,,,,
,,,,,,,,,Overlook Mountain Wild Forest,,,,,,,,,,,,,,,,,,,,,,,,,,,,,,,,,,,,,,,,,,,,,,,,,,,,,,,,,,,,,,,,,,,,,,,,,,,,,,,,,,,,,,,,,,,,,
,,,,,,,,,Overlook Mountain,5043.6,5346,5714,6081.7,6261.5,6378.1,6572.9,6664.2,6641.444444444444,6710.625,6858.428571428572,6825.833333333333,6962.166666666667,7348.5,7982.833333333333,9077.5,9740.888888888889,11299.722222222224,11812.333333333334,11931.041666666668,11617.259259259261,,,,,,,,,,,,,,,,,,,,,,,,,,,,,,,,,,,,,,,,,,,,,,,,,,,,,,,,,,,,,,,,,,,,,,,,
,,,,,,,,,Phoenicia-Mount Tobias Wild Forest,,,,,,,,,,,,,,,,,,,,,,,,,,,,,,,,,,,,,,,,,,,,,,,,,,,,,,,,,,,,,,,,,,,,,,,,,,,,,,,,,,,,,,,,,,,,,
,,,,,,,,,Mount Tremper,1593.3,1697.4,1796.1,1854.1,1917,1932.9,2043.9,2137.2,2144.8888888888887,2172.375,2311.375,2274.5714285714284,2318.285714285714,2403.8571428571427,2503.714285714286,2736.8571428571427,2839.047619047619,2941.6190476190473,3010.9166666666665,3191.3703703703704,3267.5185185185187,,,,,,,,,,,,,,,,,,,,,,,,,,,,,,,,,,,,,,,,,,,,,,,,,,,,,,,,,,,,,,,,,,,,,,,,
,,,,,,,,,Shandaken Wild Forest,,,,,,,,,,,,,,,,,,,,,,,,,,,,,,,,,,,,,,,,,,,,,,,,,,,,,,,,,,,,,,,,,,,,,,,,,,,,,,,,,,,,,,,,,,,,,
,,,,,,,,,Rochester Hollow,4587.75,4530.333333333333,4528,4617,415,527.5,579.3333333333334,641,641,641,641,641,652.2,728.6666666666666,889.1666666666666,1052.8333333333333,1174.6499999999999,1348.6499999999999,1391.4142857142856,1429.6125,1511.5444444444445,,,,,,,,,,,,,,,,,,,,,,,,,,,,,,,,,,,,,,,,,,,,,,,,,,,,,,,,,,,,,,,,,,,,,,,,
,,,,,,,,,Sundown Wild Forest,,,,,,,,,,,,,,,,,,,,,,,,,,,,,,,,,,,,,,,,,,,,,,,,,,,,,,,,,,,,,,,,,,,,,,,,,,,,,,,,,,,,,,,,,,,,,
,,,,,,,,,Ashokan High Point,1632,1618.1666666666667,1656.857142857143,1648.25,1654.3333333333333,1639.1,1702.3,1702.3,1653.5555555555557,1662.875,1673.25,1691,1691.2857142857142,1724.7142857142858,1740.4285714285713,1809.4285714285713,1800.857142857143,1850.2857142857142,1835.625,1834.6666666666667,1945,,,,,,,,,,,,,,,,,,,,,,,,,,,,,,,,,,,,,,,,,,,,,,,,,,,,,,,,,,,,,,,,,,,,,,,,
,,,,,,,,,Red Hill (Dinch Road),,,636,617.5,730,731.5,743.4,766,766,766,839.2857142857143,839.2857142857143,899.5714285714286,962.1428571428571,1072.4285714285713,1225.4285714285713,1429.857142857143,1637.2857142857142,1716.375,1942.888888888889,2178.222222222222,,,,,,,,,,,,,,,,,,,,,,,,,,,,,,,,,,,,,,,,,,,,,,,,,,,,,,,,,,,,,,,,,,,,,,,,
,,,,,,,,,Vernooy Kill,1798.6,1832,1891.8,1895.2,1856.7,1788.7,1775.7,1789.9,1732.6666666666667,1646.75,1564.375,1541.7142857142858,1602.4285714285713,1668,1747.142857142857,1850,2081.8571428571427,2317.8571428571427,2464.625,2543,2840.259259259259,,,,,,,,,,,,,,,,,,,,,,,,,,,,,,,,,,,,,,,,,,,,,,,,,,,,,,,,,,,,,,,,,,,,,,,,
,,,,,,,,,Sundown WF TOTALS,2614.6,2802.9,3115.2,3337.3,3564.6,3720.4,3849.7,3951.8,3896.8888888888887,3884.125,3972,4072,4193.285714285715,4354.857142857143,4560,4884.857142857143,5312.571428571428,5805.428571428572,6016.625,6320.555555555556,6963.481481481482,,,,,,,,,,,,,,,,,,,,,,,,,,,,,,,,,,,,,,,,,,,,,,,,,,,,,,,,,,,,,,,,,,,,,,,,
,,,,,,,,,Willowemoc Wild Forest,,,,,,,,,,,,,,,,,,,,,,,,,,,,,,,,,,,,,,,,,,,,,,,,,,,,,,,,,,,,,,,,,,,,,,,,,,,,,,,,,,,,,,,,,,,,,
,,,,,,,,,Flynn,482.85714285714283,473.5,473.22222222222223,461.4,473.8,480.3,474.3,453.4,438,416.5,404.2857142857143,403.6666666666667,391.1666666666667,391.3333333333333,410.8333333333333,435.3333333333333,480,556.3333333333334,605,636,672.6666666666666,,,,,,,,,,,,,,,,,,,,,,,,,,,,,,,,,,,,,,,,,,,,,,,,,,,,,,,,,,,,,,,,,,,,,,,,
,,,,,,,,,Frick Pond,1061.2,1172.2,1230.4,1252.1,1230.7,1176.8,1118.1,1041.8,956.5555555555555,886.5,851.4285714285714,801.1666666666666,765.4,749.2,824.2,894.6,1071.2,1247,1271,1325.142857142857,1398.125,,,,,,,,,,,,,,,,,,,,,,,,,,,,,,,,,,,,,,,,,,,,,,,,,,,,,,,,,,,,,,,,,,,,,,,,
,,,,,,,,,Long Pond,593,595.5,589.2,560,517.5,486.1,457.9,434.5,420.55555555555554,405.25,332.5,303.42857142857144,288.57142857142856,292.42857142857144,303.42857142857144,294.14285714285717,307,300.2857142857143,294.625,300.8888888888889,346,,,,,,,,,,,,,,,,,,,,,,,,,,,,,,,,,,,,,,,,,,,,,,,,,,,,,,,,,,,,,,,,,,,,,,,,
,,,,,,,,,Willowemoc WF TOTALS,1992.2,2146.5,2245.5,2273.5,2222,2143.2,2050.3,1929.7,1815.111111111111,1708.25,1431.25,1336.142857142857,1170.5714285714287,1163,1244.2857142857142,1306.2857142857142,1483.5714285714287,1667.857142857143,1777.25,1896.888888888889,2261.4444444444443,,,,,,,,,,,,,,,,,,,,,,,,,,,,,,,,,,,,,,,,,,,,,,,,,,,,,,,,,,,,,,,,,,,,,,,,
,,,,,,,,,WILD FOREST TOTALS,16888.9,17396.4,18166.4,18596.5,18705.1,19016,19680.8,20208.4,20055.222222222223,20062,19567.375,19499,20079.714285714286,20815.85714285714,22319.571428571428,24691.14285714286,26900.795238095237,29735.08095238095,31060.07083333333,32479.877777777772,35546.87777777777,,,,,,,,,,,,,,,,,,,,,,,,,,,,,,,,,,,,,,,,,,,,,,,,,,,,,,,,,,,,,,,,,,,,,,,,
