edge_uid,reported_months,mean_trips,std_trips,log_variance,max_trips
510998375,63,11631.666666666666,13519.33501895854,9.450009463235025,81405.0
510998524,63,11437.698412698413,13011.042699078944,8.176429470989236,76875.0
510843781,63,3735.9523809523807,9579.45705483551,5.50640048602862,59285.0
510843788,63,3359.126984126984,9321.048005406841,5.285011422586926,58000.0
510844290,63,3795.15873015873,9855.308008486609,5.084389839916562,61635.0
510722724,63,2061.6666666666665,2127.5428808081447,4.9344071995333705,7885.0
510722726,63,2059.126984126984,2120.9761788753985,4.852392294316019,7855.0
511052195,63,2050.7936507936506,5330.239449196019,4.815393705521097,25205.0
510722733,63,2152.3809523809523,2232.3044033708206,4.742867775085064,8290.0
510722743,63,1707.936507936508,1511.6607602131683,4.538492607761248,4870.0
511061987,63,1234.920634920635,3859.798746640468,4.514070494203514,20520.0
510722871,63,2056.746031746032,2115.1519732500724,4.43624437027161,7855.0
511061900,63,1165.1587301587301,3665.65269110669,4.36370729025802,19810.0
511061985,63,1213.5714285714287,3800.1884958099954,4.337907261018629,20240.0
510844223,63,2781.6666666666665,6424.351416993957,4.283126781714613,25510.0
511061898,63,1152.063492063492,3651.599366221274,4.272501643901855,20065.0
510855854,63,1857.7777777777778,5374.82856274068,4.132030441528026,35645.0
512399411,63,447.6984126984127,731.4622040578597,4.1297785833800065,3985.0
510722767,63,1833.4126984126983,1740.1218499689542,4.092799586987945,5395.0
510722866,63,2053.7301587301586,2104.112901778472,4.022937579564119,7835.0
510721709,63,1741.7460317460318,2191.0844197474007,4.011697620193016,11740.0
510740535,63,1678.6507936507937,1952.919693100813,4.011001935791003,11015.0
511044646,63,4907.142857142857,6690.717011234594,4.0061592265319925,47620.0
510722794,63,1790.873015873016,1696.482732312447,4.002763219367068,5730.0
510723013,63,1765.3968253968253,1715.0666077508527,3.9940611238509875,5140.0
510722789,63,1788.968253968254,1739.9701422007583,3.9751142022567727,5195.0
510722764,63,1757.7777777777778,1796.6664422367046,3.9390755789265346,6315.0
510722758,63,1823.6507936507937,1711.9982680004257,3.8320400374870935,5690.0
512403203,63,1246.984126984127,4384.323571220918,3.809132157871242,23770.0
510722746,63,2125.9523809523807,2195.27642780358,3.8044229775416496,7860.0
510843708,63,2594.126984126984,6691.088533101957,3.790910324668943,32685.0
512397979,63,1160.952380952381,4147.296521009769,3.75711575592698,22915.0
510722762,63,1475.952380952381,1394.9794359516957,3.719795311901817,4325.0
510722760,63,1825.952380952381,1851.1057848562061,3.7106748628214903,6470.0
510722759,63,2162.6190476190477,2225.810627458849,3.6991571142178374,7960.0
512397975,63,1159.126984126984,4144.48677118388,3.6970597940484784,22905.0
510722771,63,2055.5555555555557,2066.292087975836,3.664965175282403,6510.0
511060159,63,1183.6507936507937,3777.743844347764,3.65079673631978,21320.0
510722765,63,1849.3650793650793,1867.976413313713,3.6328331016844646,6520.0
510996913,63,14360.952380952382,10776.71484958699,3.629053808740657,60695.0
510855542,63,1063.2539682539682,3169.057705519327,3.564190465685415,15185.0
510722777,63,972.2222222222222,1055.5902559849944,3.497243114640935,5315.0
512408877,63,506.74603174603175,1230.225903307796,3.4873889086524685,5570.0
512403212,63,1256.5873015873017,4389.933758905491,3.4865227096019304,23795.0
512408859,63,508.015873015873,1232.5261037877362,3.4852905534759073,5590.0
512408814,63,515.1587301587301,1261.3948271188651,3.4840476488807015,5860.0
512408857,63,505.63492063492066,1228.2992083415563,3.479133014174945,5570.0
512408804,63,516.1904761904761,1262.6596718849496,3.4769013421280457,5870.0
512408858,63,505.95238095238096,1229.457937579199,3.475985742640799,5580.0
512397595,63,1184.2857142857142,4165.692141028293,3.472067678646717,22855.0
512403190,63,1240.4761904761904,4352.864714322988,3.469693307174,23635.0
510722754,63,735.952380952381,1487.591921026161,3.4649710699858853,6205.0
511043282,63,646.7460317460317,809.9896249485677,3.4589085093197607,4315.0
512403170,63,1230.4761904761904,4321.405994532943,3.455242627630968,23530.0
512408816,63,510.07936507936506,1239.0479865422603,3.4531380543745542,5630.0
512408802,63,517.3809523809524,1266.5281020094753,3.437369164008151,5915.0
510843841,63,2394.285714285714,6567.023792989931,3.436113850169647,32700.0
512397665,63,1184.7619047619048,4166.367493099667,3.4179353107384367,22860.0
512408800,63,517.3015873015873,1265.4273233986576,3.4156127477185523,5910.0
512403168,63,1229.047619047619,4312.899150031334,3.411556609985392,23500.0
512403213,63,1256.111111111111,4389.66945669809,3.3997480671029257,23790.0
512408903,63,506.74603174603175,1227.8594535555003,3.3982214963424835,5525.0
512386724,63,5256.984126984127,4038.655910604432,3.395495640048773,24540.0
510971730,63,1350.0,1962.1527841600653,3.3918449783589515,10970.0
512408881,63,507.3015873015873,1230.4270257283044,3.3894370176851996,5550.0
510833764,63,762.1428571428571,2802.5332311180073,3.3849513843206362,15460.0
512408882,63,507.6984126984127,1231.3930694335797,3.3845480459017545,5555.0
512397532,63,1210.3174603174602,4226.789358921286,3.3833230925918283,23015.0
512397669,63,1182.936507936508,4163.999863937496,3.3832586801791074,22895.0
512408902,63,509.6031746031746,1233.4721192722668,3.3817054038179215,5555.0
510855548,63,972.7777777777778,2792.9898966383707,3.3734159840729587,13745.0
510723027,63,649.1269841269841,581.0263025544649,3.3712075044206857,1790.0
512403149,63,1224.6825396825398,4283.486377094567,3.3637499665181902,23405.0
512408878,63,507.3015873015873,1227.560794564684,3.3573995927772544,5560.0
512403150,63,1225.3968253968253,4284.712726244476,3.3556955700606443,23415.0
510722868,63,2064.6031746031745,2095.8205917713913,3.353485144497415,7815.0
512408788,63,526.9047619047619,1294.9450195613078,3.3485532380640985,6260.0
512403776,63,1581.984126984127,5196.840117746688,3.3400846737515484,26870.0
510843830,63,1111.8253968253969,3074.474686520329,3.3280271111794266,14125.0
512403773,63,1605.2380952380952,5247.574049990933,3.324606968779622,27060.0
512397531,63,1211.4285714285713,4226.431369348811,3.2966551534457715,23005.0
512403221,63,1270.3174603174602,4427.8648346994105,3.2923390852090986,23975.0
510760390,63,734.2063492063492,1685.402269955734,3.2751653008719477,8690.0
512413322,63,498.6507936507937,1222.4229662216485,3.2642753998615865,5710.0
512413236,63,502.3809523809524,1233.622993967054,3.2410402019448044,5740.0
510760561,63,341.6666666666667,428.1420852489163,3.2371779559948215,2355.0
510855555,63,1976.6666666666667,5357.608999688984,3.236865808977343,25520.0
512397529,63,1219.8412698412699,4241.783515663335,3.2358189161557336,23025.0
510997173,63,966.984126984127,2056.87116359167,3.2349551662668943,12930.0
510760181,63,885.3174603174604,1949.855841035242,3.2318172156008935,9900.0
510997207,63,1771.5873015873017,2814.200715237383,3.2253064193712175,18100.0
512397522,63,1220.6349206349207,4242.093356114016,3.2252048426661277,23030.0
512396808,63,1244.3650793650793,4350.397042694317,3.224690644093493,23300.0
510723026,63,690.3968253968254,618.0799494084297,3.214555740674593,1945.0
510971731,63,1339.5238095238096,1969.5100738192673,3.2038378651724573,11170.0
510997169,63,979.7619047619048,2080.2241714985034,3.199139421061109,13045.0
512413234,63,505.07936507936506,1243.203617890116,3.1946833984462506,5720.0
512391995,63,4968.809523809524,3868.7180833313414,3.178242136653969,23460.0
510998498,63,1220.079365079365,1170.1424961693879,3.1749483155138143,4310.0
510722870,63,1932.6190476190477,1959.763987012882,3.170265708477822,7375.0
512408782,63,531.031746031746,1306.0850632804595,3.169595082930072,6435.0
512408119,63,1197.5396825396826,3985.2709537762676,3.168099073915102,20010.0
512403123,63,1212.142857142857,4240.177236318277,3.1611580048406425,23270.0
512413229,63,511.1904761904762,1254.3253276761054,3.1586080191668082,5760.0
512396822,63,1237.7777777777778,4279.77725695808,3.158525106860418,23010.0
512408906,63,514.2063492063492,1236.030067474482,3.15515441927066,5555.0
512408784,63,531.3492063492064,1307.165489914553,3.1531404323801078,6420.0
512408222,63,540.4761904761905,1332.5353939152483,3.1460513521584357,6680.0
512413225,63,508.0952380952381,1243.1526742233118,3.1317201223561852,5720.0
512408918,63,513.4126984126984,1233.997185061366,3.1298198128256796,5545.0
512403761,63,1631.904761904762,5269.732228963532,3.1243339280836966,27150.0
512414466,63,1017.7777777777778,2665.121460915748,3.116576436796135,14885.0
510971726,63,1524.2857142857142,2123.142614666283,3.1102831770403805,11725.0
512397497,63,1246.111111111111,4249.841215671821,3.10627518728988,23030.0
510836299,63,684.1269841269841,2352.0457018550796,3.101932020776806,10210.0
512408110,63,1199.5238095238096,3980.900643180583,3.1000289943358785,19980.0
512408058,63,1298.7301587301588,4312.418392706487,3.096913745348755,22380.0
512396823,63,1239.8412698412699,4279.697943842229,3.0966101325675823,23005.0
512409112,63,506.1904761904762,1217.0637306336769,3.094928349254528,5495.0
512414467,63,963.6507936507936,2489.7205126131685,3.089594055755772,14500.0
512396834,63,1250.1587301587301,4279.341878125915,3.0777779513356216,23050.0
511044650,63,6837.142857142857,9249.890091512934,3.0746380918915106,65905.0
512409111,63,505.63492063492066,1213.6709484118605,3.0706064115173493,5475.0
512408075,63,1234.5238095238096,4039.8434689299806,3.066129002753763,19930.0
512397501,63,1246.904761904762,4250.29025845365,3.060886403825595,23030.0
510997238,63,2967.222222222222,3839.0344234793592,3.0556448715010815,24535.0
512386721,63,5413.174603174603,4116.677263865661,3.054884772989297,25095.0
510723018,63,699.6825396825396,647.4583515163619,3.052706049539057,1955.0
512413228,63,514.6031746031746,1254.5906997346692,3.046052839700872,5765.0
510855556,63,870.1587301587301,2571.2540821637062,3.044532116799561,11790.0
510723016,63,707.063492063492,652.5400957404065,3.0441685002560472,1990.0
512407840,63,1298.7301587301588,4310.95893159309,3.03873087864716,22375.0
512396837,63,1252.6984126984128,4278.325986444672,3.0356093236026473,23075.0
512408139,63,546.7460317460317,1355.4615208333305,3.0353787355334725,6920.0
511107196,63,418.8888888888889,367.95691854728057,3.033968202630884,1805.0
512392919,63,4326.984126984127,3380.242110493039,3.0316502970198043,20300.0
512408070,63,1250.952380952381,4103.409563531643,3.029100808202494,20440.0
512408102,63,1203.3333333333333,3969.2947492535263,3.02722779715307,19935.0
512397505,63,1239.5238095238096,4247.942169193345,3.0253206406519477,23005.0
510971725,63,1663.2539682539682,2343.7779948831576,3.014201352791209,13040.0
512403313,63,1346.4285714285713,4583.728886715754,2.9871676492263632,24545.0
510979808,63,1810.3968253968253,1076.7522484331705,2.985235940909204,5650.0
512408221,63,546.3492063492064,1351.9550378896356,2.971134301538621,6905.0
511043273,63,697.8571428571429,855.9435061464546,2.9599301925773718,4555.0
511043272,63,674.1269841269841,827.4843043451228,2.9578042634504977,4390.0
512403326,63,1422.3809523809523,4739.257194514807,2.9551045729405105,25080.0
511040435,63,828.1746031746031,2790.4442792275263,2.9496271026967946,19970.0
510998527,63,11375.15873015873,12037.58689943691,2.943874902575276,73270.0
512408129,63,543.8888888888889,1340.760931170047,2.9419136544978546,6870.0
512403322,63,1366.6666666666667,4615.580206773715,2.9370700253407227,24660.0
512403306,63,1336.5873015873017,4562.632925628546,2.937023743158915,24485.0
512403318,63,1367.3015873015872,4615.724423745983,2.9324053543342137,24665.0
511043264,63,327.77777777777777,443.67851789346685,2.9249198321576104,2480.0
511040437,63,614.9206349206349,2021.6065736836335,2.9242475329949733,14535.0
512408114,63,540.7936507936508,1333.8569488363573,2.9229875210019727,6845.0
510836317,63,689.3650793650794,2359.7835965680943,2.9117918572215102,10250.0
512397516,63,725.1587301587301,1690.701555151562,2.903497326093618,9515.0
510836362,63,759.9206349206349,2744.761358106462,2.8978052737540048,15250.0
512408126,63,540.3968253968254,1332.6224151199326,2.891134116357118,6840.0
512403298,63,1286.5079365079366,4426.287550507164,2.885845366939777,23980.0
512408113,63,539.047619047619,1328.2934895835506,2.8829021885269266,6845.0
512408096,63,1215.3174603174602,3968.978993700037,2.88168265108891,19840.0
510998831,63,1317.857142857143,1266.782409418074,2.874484805850003,7650.0
512397578,63,748.4920634920635,1749.9464588400879,2.8719288702501733,9800.0
512414461,63,1062.6190476190477,2736.6955081169453,2.8699035922274723,14990.0
512403334,63,1431.5079365079366,4752.074049307027,2.8674943415237664,25115.0
510836366,63,722.1428571428571,2463.738097839652,2.8670909042654795,10595.0
512408080,63,1250.7142857142858,4016.359374698449,2.864863627788286,19865.0
512408112,63,538.2539682539683,1326.4399232319859,2.862974400842287,6845.0
512397544,63,734.7619047619048,1720.8625998485768,2.860991115171298,9670.0
512403232,63,1287.6984126984128,4426.530519474156,2.8597105412621393,23980.0
510998532,63,11351.190476190477,12007.374639667374,2.857499444402142,73140.0
511044668,63,6188.571428571428,8049.6033977924135,2.853356789875274,56660.0
512394012,63,3837.8571428571427,2940.6605460346163,2.8529403163371923,17700.0
512397584,63,755.5555555555555,1769.986128775406,2.8480220824266,9900.0
510722756,63,2101.031746031746,1908.4075777587193,2.8472007857788,6035.0
512397547,63,748.4920634920635,1749.8347007002417,2.830685228480008,9795.0
511042039,63,1270.4761904761904,4452.2490433239245,2.8296236964908292,31625.0
512414460,63,1065.3968253968253,2737.568278952188,2.8290825626147598,14990.0
512397678,63,760.5555555555555,1770.9094417547324,2.8261946515792893,9910.0
512414453,63,1064.920634920635,2733.424310519961,2.8261834773071097,14955.0
512408092,63,1222.936507936508,3977.561929012488,2.8239481791627603,19860.0
512397528,63,729.2857142857143,1707.6202213245476,2.8230157284590662,9605.0
511044673,63,6275.396825396825,8012.2513197576045,2.815185508091452,56340.0
512397517,63,1240.873015873016,4250.134204682071,2.801315114354838,23035.0
511179440,63,601.984126984127,1572.6666124571768,2.7990160364929753,6960.0
512404331,63,808.3333333333334,1859.5184513652296,2.7816654798912537,10185.0
512397526,63,732.4603174603175,1708.5335801112135,2.778403442858853,9595.0
510836364,63,696.5079365079365,2373.029341151991,2.7741363737312152,10295.0
512397582,63,750.2380952380952,1752.5466328919267,2.772684758949056,9810.0
512397876,63,769.047619047619,1780.3619279433171,2.772430772931358,9930.0
512403399,63,1518.015873015873,4940.8212014709925,2.7718483801715563,25715.0
510722807,63,2033.3333333333333,2042.289393729972,2.7624598556825,7720.0
512403403,63,1519.2063492063492,4942.744210223807,2.7596403767699957,25735.0
512397871,63,771.5079365079365,1780.4617548321182,2.759590301319164,9930.0
512403224,63,1290.0,4430.806014201464,2.7591573735667225,24010.0
510723823,63,1089.3650793650793,4439.518145538694,2.758487327368362,32835.0
512404318,63,818.3333333333334,1874.7309484382704,2.7556641102835955,10265.0
511040438,63,620.0,2034.8610953623722,2.7530835074879834,14625.0
510722809,63,2043.5714285714287,2046.330198454294,2.7296190258273443,7755.0
512407424,63,770.0,2748.695438367668,2.721361803398049,14180.0
512415699,63,713.968253968254,1996.7015459231916,2.7044054615069606,14080.0
510838402,63,816.4285714285714,2784.9043576227155,2.700764307877218,12585.0
512413844,63,719.1269841269841,2006.9364672592285,2.7002153702029585,14155.0
511040457,63,1275.3174603174602,4415.39315030802,2.6975477705055635,31420.0
499396166,63,246.82539682539684,560.5169716196203,2.6975261160194433,2660.0
512398002,63,772.6190476190476,1791.4998350505577,2.696316608961252,9940.0
512398012,63,761.1904761904761,1768.1318084820198,2.6955956289539134,9810.0
499396641,63,246.34920634920636,560.3802038458024,2.6838914121036943,2635.0
512397971,63,781.1111111111111,1814.3317094653132,2.681687434460029,10030.0
512415831,63,720.8730158730159,2008.1650948393362,2.6776123953449615,14165.0
510971664,63,969.7619047619048,761.9814093550873,2.676533787841399,2665.0
511062331,63,310.3968253968254,581.4846831722681,2.676102958106936,2460.0
499396648,63,247.77777777777777,562.3451598911887,2.674087425624031,2650.0
512414434,63,1089.6825396825398,2779.4145172830495,2.672796372566483,15235.0
512415706,63,720.7936507936508,2004.9008917563701,2.6727339315282888,14135.0
512398005,63,768.6507936507936,1782.6018964562331,2.6709213830845204,9890.0
512415830,63,721.6666666666666,2007.3598452661888,2.6679535137020403,14160.0
512403405,63,1661.2698412698412,5226.6928086825465,2.667549568486613,26950.0
512398001,63,774.2857142857143,1797.589976469135,2.663318018940847,9965.0
512414444,63,1076.2698412698412,2734.1061180431425,2.6591415667270377,14980.0
512397982,63,780.0,1813.1101864991815,2.6578660190845693,10055.0
512397974,63,784.2857142857143,1821.3270279818348,2.653878891613533,10085.0
512397605,63,765.1587301587301,1774.4485668324812,2.6536788268108693,9915.0
510647355,63,481.1111111111111,1665.1536411831553,2.6511526892068993,8365.0
512396828,63,708.6507936507936,1626.2903577470333,2.6506028260281465,9125.0
512403424,63,1682.2222222222222,5267.5683606092625,2.6501674036149643,27085.0
510787464,63,711.7460317460317,2680.0590025296924,2.6495025257879843,13970.0
511043309,63,885.3174603174604,1086.8951313837524,2.6454593986514343,5955.0
512397879,63,780.6349206349206,1791.1240595853199,2.6408336646615114,9965.0
510838083,63,804.2857142857143,2703.839989948414,2.637181858726065,11575.0
499396659,63,249.04761904761904,563.5607254273843,2.6356980763053346,2650.0
512397892,63,779.8412698412699,1790.7116913381494,2.6347248274797095,9965.0
512396830,63,710.2380952380952,1633.616468139618,2.631185866091822,9175.0
512397910,63,778.015873015873,1786.5524873528248,2.6276445849144183,9935.0
511062144,63,400.0,709.7898371371808,2.624528157048683,2960.0
512413313,63,218.25396825396825,454.91594290040746,2.6230662755976555,2490.0
510857724,63,828.7301587301587,2783.190320746164,2.619708586896997,13290.0
512407490,63,1067.857142857143,3550.497547401122,2.619637244864169,17350.0
511181159,63,768.6507936507936,2784.2263369638085,2.6174018835244084,13120.0
512404312,63,846.984126984127,1924.6018733004826,2.616789405763542,10390.0
512403400,63,483.57142857142856,1062.74159627862,2.6162455877534514,6000.0
512397674,63,768.4126984126984,1780.1077861069903,2.6159957318900204,9945.0
512396833,63,711.5873015873016,1653.777646587436,2.6131628190694274,9335.0
512398016,63,759.3650793650794,1763.734237730142,2.608995864207816,9785.0
512407494,63,1067.2222222222222,3554.272505956034,2.6089349739992183,17375.0
512407440,63,1067.3015873015872,3549.476883924386,2.608247863787523,17340.0
512404314,63,851.6666666666666,1930.191366076799,2.6045761316619958,10430.0
512428310,63,308.8888888888889,1021.6196993186077,2.601564620431506,5170.0
512414116,63,438.41269841269843,924.4557358673724,2.599762164971381,3945.0
512413311,63,224.28571428571428,461.80384149380274,2.599196589761362,2520.0
512428330,63,309.6825396825397,1024.3620646670443,2.5976008263594697,5205.0
512396336,63,1153.2539682539682,3876.4971258492983,2.5917450467035734,20765.0
511040448,63,1126.2698412698412,3827.7641254660416,2.5908233593467385,27285.0
510838041,63,781.2698412698413,2618.6339039249942,2.579501921819924,11155.0
511052198,63,877.3809523809524,2429.3968880426546,2.578339773434167,13110.0
512407484,63,1068.888888888889,3549.4944488326655,2.577259196989355,17345.0
511042024,63,1227.3015873015872,4860.356238221309,2.5748498759935687,34175.0
512414003,63,322.46031746031747,834.5647276815743,2.564750582643864,5390.0
510838085,63,820.5555555555555,2749.9472298618916,2.5636873912627727,11900.0
510648741,63,351.9047619047619,1194.820282265263,2.563335407286152,6505.0
512397927,63,787.1428571428571,1817.0455713313663,2.5628071810933153,10095.0
510648495,63,331.42857142857144,1130.624445138482,2.5611380679773865,6265.0
510838062,63,798.6507936507936,2682.9222762883387,2.559789087850707,11510.0
511057669,63,1270.3968253968253,4427.050946389169,2.559386233238945,21655.0
512397911,63,787.063492063492,1810.9582730895488,2.5592650722198584,10065.0
511037443,63,993.4126984126984,4209.556028367503,2.559058153717263,30175.0
510979814,63,1147.142857142857,2388.50586213562,2.5588744963885763,15785.0
511043293,63,746.9047619047619,897.9485708795914,2.5555203002419224,4830.0
511062133,63,230.47619047619048,370.9813862447713,2.553913579313778,1735.0
512414112,63,402.46031746031747,836.7341818892263,2.5510982117261833,3590.0
510648493,63,327.14285714285717,1109.6060454219175,2.550576699926258,6175.0
512403153,63,730.3174603174604,1687.3456615241623,2.550418783706539,9515.0
510837958,63,769.047619047619,2584.0588941940923,2.5498356295224744,11140.0
512401546,63,837.3809523809524,2829.3853853772152,2.5484623455392836,14870.0
511042014,63,1299.047619047619,4519.415896560411,2.5452753109533246,31930.0
511062132,63,233.8095238095238,377.73594878513785,2.545047872269267,1785.0
512396812,63,728.1746031746031,1640.0288406166142,2.5431903130986577,9135.0
510648740,63,352.93650793650795,1196.5008239488134,2.5424148650391234,6515.0
510857728,63,828.2539682539683,2787.6316920620693,2.5422857792549367,13315.0
510971648,63,1060.7142857142858,835.0501516438211,2.5362805794262133,4580.0
511060151,63,678.6507936507936,1833.5647912822728,2.5342267737911532,9135.0
510971740,63,1702.4603174603174,2233.85170635397,2.533761168117576,12745.0
512407516,63,1066.2698412698412,3557.5668978197555,2.533675339413283,17405.0
512403426,63,1863.2539682539682,5642.532758829125,2.5319051919173403,28360.0
512396344,63,1231.904761904762,4131.751213173127,2.5312830998832876,21810.0
510648834,63,375.7142857142857,1274.2884975998202,2.525937072531314,6855.0
512404336,63,840.3174603174604,1870.4915416197061,2.5239726813132517,10250.0
512413972,63,326.74603174603175,849.6831281900174,2.52075353700752,5530.0
510648542,63,350.7936507936508,1192.3287076372067,2.5207239959853474,6495.0
512413999,63,316.031746031746,837.0291930056418,2.520698079902146,5415.0
511062009,63,476.9047619047619,1346.4231074709753,2.520571997543579,6615.0
510975350,63,896.1111111111111,1289.1627829733466,2.5194588362465526,4785.0
512396362,63,1248.7301587301588,4204.686322565877,2.5157142310183502,22055.0
512403759,63,1906.3492063492063,5704.184104273189,2.514867142817155,28460.0
510837393,63,733.5714285714286,2592.551898346901,2.5142917022052473,14425.0
512414002,63,325.4761904761905,840.6778727397824,2.512115580237227,5440.0
510648837,63,374.2857142857143,1274.6270349953409,2.510899101404744,6850.0
510648494,63,333.968253968254,1134.8703772543734,2.5090775996171324,6295.0
510648838,63,373.8095238095238,1273.1259833909814,2.5086342655320633,6850.0
512414113,63,478.8095238095238,1128.9728111406985,2.5080196535225303,7255.0
510838043,63,803.6507936507936,2685.166272011127,2.507973389245115,11470.0
510648543,63,352.14285714285717,1194.725206050475,2.507723373796359,6510.0
512403155,63,734.5238095238095,1691.0036422114385,2.5031603464804766,9530.0
511050224,63,332.77777777777777,412.7580109788787,2.501032823633752,2485.0
510838037,63,781.9047619047619,2617.4830049316447,2.5006130526607846,11145.0
510648836,63,375.63492063492066,1275.1633330117577,2.4988587064021126,6850.0
512403818,63,687.3015873015873,1543.6782699534488,2.4978662866058827,8510.0
512400830,63,763.8095238095239,1763.1889443438047,2.4959514688762683,9830.0
510837386,63,738.4920634920635,2617.604426071214,2.4955556125132485,14520.0
512413965,63,321.42857142857144,836.3483553093001,2.495167631991345,5410.0
510648743,63,354.76190476190476,1199.3104297522145,2.4942810410158396,6525.0
512413223,63,229.36507936507937,467.3272425871474,2.4942059544480073,2535.0
512403820,63,789.3650793650794,1814.8863583154703,2.493642178694002,9800.0
512413221,63,228.4126984126984,466.27022605686204,2.490803796924119,2530.0
511052217,63,871.6666666666666,1893.6645221846047,2.490040603871289,8650.0
512413998,63,318.3333333333333,840.9873229837384,2.487573996970865,5450.0
510994653,63,641.1904761904761,704.7830335812314,2.4868515479698123,4335.0
512396365,63,1249.4444444444443,4205.2142278971905,2.486526858455104,22060.0
510648497,63,347.77777777777777,1179.425016342975,2.4852950515232677,6465.0
512403158,63,732.2222222222222,1683.039631569528,2.482627857333883,9480.0
512414000,63,319.36507936507934,843.2189150872271,2.4809103437906983,5465.0
510838430,63,829.2857142857143,2807.05373857435,2.4792058490429816,12690.0
512396327,63,1133.8095238095239,3789.554692781892,2.4791321238263997,20510.0
510648748,63,358.6507936507937,1210.70600782287,2.478091035265064,6560.0
512403807,63,598.5714285714286,1342.4842849357826,2.4732232442648496,7475.0
512396801,63,729.6031746031746,1616.0266639815804,2.4720190134691205,8875.0
511040338,63,648.4126984126984,1984.492871230628,2.4671855483725262,14270.0
510648767,63,358.6507936507937,1213.6984288067897,2.467105467917182,6575.0
510648809,63,357.93650793650795,1220.8404148308587,2.4662455285795355,6605.0
512403148,63,750.4761904761905,1717.5028089110976,2.464241629019644,9650.0
512396329,63,1150.5555555555557,3835.996013056632,2.4638632926945516,20635.0
510648811,63,357.22222222222223,1219.2497619761314,2.463598192622774,6595.0
510648764,63,359.12698412698415,1212.1989282619693,2.461648685503202,6570.0
512396360,63,1241.1904761904761,4150.596897832278,2.459717648050276,21865.0
512414036,63,468.8095238095238,1103.7142988365338,2.4583001101408977,7130.0
512403157,63,735.0793650793651,1686.794175462372,2.456754401219805,9500.0
510994193,63,643.7301587301587,710.8655379943797,2.4544837945023437,4400.0
512396285,63,1022.063492063492,3396.890612694706,2.453916752330205,18715.0
512403805,63,609.6825396825396,1362.0590061752548,2.4536439914572186,7595.0
511052215,63,1366.1904761904761,3343.492320705629,2.450562276881319,15960.0
510838309,63,814.3650793650794,2733.4004127057997,2.4456586059242906,11915.0
512396402,63,1291.904761904762,4344.393998774727,2.4440291194210326,22805.0
510648832,63,364.6825396825397,1240.773000805921,2.4432419998681056,6730.0
510723011,63,823.5714285714286,775.1651377502798,2.4416036704369333,2615.0
510723841,63,1304.2857142857142,5275.745006031241,2.4410140458924805,38880.0
512408900,63,268.1746031746032,553.1874657363667,2.4407551994664485,2980.0
512396342,63,1221.4285714285713,4088.126732909805,2.4362879258287635,21680.0
512396799,63,735.3174603174604,1614.274997812079,2.435850137024245,8830.0
510648766,63,358.8095238095238,1213.6593939091656,2.4353798424679316,6575.0
512412791,63,1147.4603174603174,2855.5724911884404,2.4349667554704446,15645.0
512408897,63,274.2857142857143,561.7210428263455,2.433122819613582,3025.0
511060172,63,734.7619047619048,1993.3646843909314,2.4324874726019323,9360.0
510837962,63,778.8095238095239,2606.3755136150953,2.4323655067159917,11190.0
512404282,63,839.8412698412699,1935.2252449241948,2.4322086675780183,10420.0
512414035,63,467.53968253968253,1100.7918238835762,2.4314176001502243,7115.0
510838109,63,818.3333333333334,2734.121903033067,2.430369491649501,11875.0
510648807,63,359.2857142857143,1220.8507270325283,2.430053343272844,6610.0
510994087,63,711.6666666666666,706.2012186978458,2.4299163402198922,2685.0
512413963,63,328.968253968254,846.1922104583867,2.425504568944829,5485.0
510649531,63,409.5238095238095,1399.161244796357,2.4253514743513427,7455.0
510648806,63,358.73015873015873,1218.8681185950322,2.4247372127687306,6600.0
512403438,63,1883.5714285714287,5666.14467754861,2.4163610986318385,28420.0
512396301,63,1111.7460317460318,3692.3048967533596,2.4158846751958976,20135.0
512404283,63,841.6666666666666,1936.5755859248045,2.4157910034382377,10425.0
510659426,63,429.76190476190476,1420.3107419458026,2.4145821388215776,7420.0
512409100,63,270.1587301587302,555.760861961945,2.414204948275821,2985.0
510648802,63,360.3174603174603,1221.6708788798737,2.411820823119099,6615.0
510838107,63,820.8730158730159,2748.5271040467233,2.4105393800951274,11875.0
510648805,63,360.63492063492066,1221.4396886274938,2.409239012376011,6620.0
510648776,63,359.04761904761904,1217.5295111819994,2.409055985219481,6590.0
510648777,63,358.8095238095238,1217.5834456022337,2.4070294800888,6590.0
510796761,63,678.0952380952381,2477.7084282254723,2.4030228010606143,13065.0
511060164,63,737.3015873015873,1979.1206147120201,2.402977256984897,9445.0
510838305,63,818.8888888888889,2733.96696366707,2.4027494083100014,11875.0
512403198,63,726.7460317460317,1651.1882717162673,2.4015597441961063,9340.0
510838105,63,819.4444444444445,2744.145397127032,2.401170188965594,11870.0
510796753,63,675.7142857142857,2473.666284039265,2.400716114626265,13045.0
510723015,63,832.6984126984127,780.4391988245825,2.3997904657323117,2615.0
510648772,63,359.6825396825397,1218.5004907592538,2.398348287635918,6590.0
512412795,63,1151.3492063492063,2865.3474999453224,2.3969311271342773,15710.0
510796755,63,675.8730158730159,2473.951967693322,2.3965403104441627,13040.0
510838335,63,820.4761904761905,2742.2734143886296,2.395406561728552,11970.0
512414214,63,1145.2380952380952,2857.831264992828,2.3953074531258305,15695.0
510971591,63,361.984126984127,275.5208259831464,2.3952740454477386,1465.0
510838439,63,836.2698412698413,2804.8109545078787,2.395095652769479,12710.0
510800659,63,706.6666666666666,2548.034663257408,2.394528767875127,13780.0
511052193,63,870.7936507936508,2398.323878143894,2.394373857429293,12900.0
510796919,63,678.4920634920635,2477.974367027567,2.393878224296543,13065.0
510796903,63,678.7301587301587,2478.1006918433504,2.3934119569418124,13065.0
510994084,63,783.3333333333334,719.1880502434,2.393258540463554,2780.0
512414037,63,470.55555555555554,1101.0428015731527,2.393044329838328,7105.0
510838358,63,827.063492063492,2772.6459987913017,2.3926173913663358,12360.0
512408868,63,284.6825396825397,575.1527658327471,2.391271914568151,3125.0
511057793,63,495.3174603174603,548.5787156560718,2.3896394518114152,3100.0
510648774,63,358.968253968254,1218.544596828448,2.3885698754714,6590.0
512404280,63,852.2222222222222,1949.9350232718214,2.3881745569165336,10485.0
512396331,63,1160.2380952380952,3862.502054344524,2.3859057287995338,20700.0
510649528,63,411.1904761904762,1400.1442075169678,2.3845368558412323,7440.0
512403444,63,1895.7142857142858,5678.008145265015,2.3837890769981738,28435.0
510796904,63,681.1904761904761,2483.08027917163,2.383471342656378,13080.0
512407435,63,1066.904761904762,3539.8009362396024,2.3833034717266544,17275.0
512414082,63,466.984126984127,1092.6394277614284,2.3823641889795453,7050.0
512428031,63,316.58730158730157,1013.10001154108,2.3787373507553453,5115.0
510838435,63,835.7142857142857,2806.3298062713197,2.3780237068366676,12715.0
512398741,63,270.7142857142857,776.0127914761215,2.3771689651833565,4630.0
512409113,63,269.44444444444446,554.9782843115104,2.376610131799698,2990.0
512403747,63,1923.1746031746031,5709.592120169307,2.3753978705716605,28515.0
510838333,63,816.2698412698413,2734.645104097807,2.3739884645930958,11920.0
511042013,63,1371.3492063492063,4843.880592940821,2.3739781493699263,34180.0
499396684,63,268.4920634920635,584.7956873162949,2.3721650491783355,2720.0
510837965,63,783.0952380952381,2613.025750242154,2.3705758251384426,11160.0
512403116,63,763.6507936507936,1745.2421974330591,2.3695531015828215,9735.0
512414526,63,381.9047619047619,866.6018305536252,2.3668588992815716,4220.0
510837976,63,663.2539682539683,2341.7344617395274,2.3633987743774245,13360.0
512403743,63,1923.888888888889,5708.335264107671,2.3617133822937277,28515.0
510839650,63,828.5714285714286,3075.002941064871,2.359945094618111,15675.0
510837978,63,653.4920634920635,2321.8384044866043,2.3581380791733086,13280.0
512403320,63,577.6190476190476,1273.0018679327886,2.35681918626185,7250.0
511062358,63,577.2222222222222,1001.9178294239317,2.3567913820489816,4350.0
510723838,63,1389.8412698412699,5635.149264435049,2.3567405985645733,41560.0
512414469,63,416.5079365079365,958.9012676313595,2.3564299811393266,4950.0
510659424,63,440.3968253968254,1453.4761728872784,2.3542360107497653,7585.0
512403463,63,1923.968253968254,5706.112325387897,2.353322323914328,28510.0
512409103,63,270.7142857142857,559.0147273889911,2.351864157581412,3015.0
512408887,63,277.85714285714283,562.97289389692,2.3517204174862933,3035.0
510723181,63,712.063492063492,675.3700508470575,2.3515726999600353,2460.0
512413970,63,322.3015873015873,826.5361189719307,2.351248806652899,5365.0
512404285,63,854.3650793650794,1934.5809940738716,2.3511148155518553,10420.0
510796915,63,680.952380952381,2483.3980780021725,2.3502086390451464,13090.0
510796974,63,683.5714285714286,2486.3854171057865,2.3495663644950544,13110.0
512403331,63,568.968253968254,1259.6857514969047,2.346858439780209,7180.0
510722731,63,1763.8095238095239,1482.3735093417436,2.3448054593180716,4805.0
512403319,63,634.4444444444445,1401.2160936909904,2.343985444913384,7920.0
512413977,63,396.1111111111111,962.0171367112775,2.3428987250104765,6295.0
510838005,63,783.6507936507936,2605.8140958047106,2.3416817081849777,11105.0
512403118,63,761.984126984127,1736.5765217441517,2.3406119059268296,9720.0
510796917,63,684.1269841269841,2486.2289327806475,2.3392468409717746,13110.0
512413981,63,387.85714285714283,949.3264650936416,2.338630755616872,6200.0
510648444,63,315.95238095238096,1062.5770777138705,2.335946990047644,5955.0
510722755,63,2712.222222222222,2178.6415154968918,2.335731043693059,7845.0
512413978,63,379.12698412698415,914.3914509390576,2.3356532056491606,5905.0
510837983,63,784.1269841269841,2613.110792881353,2.3356226225439407,11160.0
510723177,63,758.015873015873,714.2148518357016,2.335483590699272,2600.0
512413982,63,391.031746031746,956.2351237426703,2.335390457976876,6255.0
512408896,63,279.2857142857143,564.6522317826635,2.33518535129835,3040.0
512403218,63,721.8253968253969,1616.6997201555553,2.334738133536505,9150.0
511052192,63,866.1904761904761,2366.6618852854067,2.334184369655533,12885.0
512403186,63,728.7301587301587,1654.8472223250915,2.3331867513731224,9360.0
510838449,63,833.4126984126984,2797.681618740086,2.3310071991858097,12680.0
510796939,63,684.4444444444445,2485.44441912779,2.3305164789556594,13105.0
510723830,63,1149.126984126984,4701.95502747412,2.327180067152041,34795.0
511059865,63,575.7142857142857,1629.6422171017691,2.3265695597879064,8770.0
510648447,63,314.6031746031746,1062.3077820767046,2.326131582350485,5950.0
512404256,63,856.3492063492064,1963.729008296092,2.3229097838965242,10490.0
512403217,63,722.3809523809524,1615.432344292442,2.3211538460852146,9145.0
512397496,63,729.2063492063492,1660.3405709588437,2.3209261696020547,9370.0
510659423,63,444.12698412698415,1460.373499420097,2.3193950162190395,7620.0
510843874,63,312.85714285714283,1034.084726315091,2.3190668927562887,7370.0
510649589,63,439.44444444444446,1486.3882701386387,2.319021391688876,7815.0
510796972,63,684.7619047619048,2486.754983029514,2.3163991617116655,13120.0
510797040,63,690.7142857142857,2503.4255333286146,2.316341557666518,13200.0
510649576,63,439.2063492063492,1484.2841237307086,2.316071011570018,7800.0
510838348,63,822.063492063492,2751.8188464442337,2.315353088109008,12175.0
510847503,63,843.968253968254,2845.938271315319,2.3125508948297693,13265.0
511062220,63,268.57142857142856,530.2581755323477,2.308187332797033,2995.0
510837969,63,695.1587301587301,2429.520888692235,2.308011925722425,13685.0
510838007,63,791.2698412698413,2627.322930446498,2.3066445897180565,11165.0
512399409,63,548.968253968254,908.7505418777099,2.3049800656793007,5260.0
512414136,63,380.7936507936508,938.3836507996447,2.3034786880964697,6135.0
511075938,63,911.5079365079365,2935.3317165571452,2.302450689408776,16850.0
510723843,63,256.58730158730157,592.2904048751062,2.3002925715609743,4400.0
512396283,63,949.3650793650794,3114.705688481281,2.299042462183794,17815.0
510797061,63,691.1111111111111,2503.603764583334,2.297145711534023,13200.0
512399421,63,496.1904761904762,878.624160119982,2.2970500656220136,4880.0
510857706,63,887.6190476190476,2921.8936989593635,2.2969211653005077,13645.0
510837991,63,777.3015873015873,2593.804470923846,2.2956705496387504,11060.0
510847168,63,845.0793650793651,2804.7106820006625,2.294588543346794,12710.0
510649722,63,438.968253968254,1487.4293582386115,2.293972414409075,7810.0
511062350,63,487.6984126984127,852.3316338313967,2.293928342279569,3415.0
512408865,63,292.14285714285717,585.0914694727396,2.2913076445310487,3180.0
511058372,63,1209.5238095238096,4315.8752069358225,2.291307227249005,24650.0
511179290,63,464.5238095238095,1490.4512507544737,2.2912484461019718,6860.0
510797734,63,693.5714285714286,2516.2931051019095,2.290181267636102,13270.0
510659445,63,426.9047619047619,1410.4161558628339,2.289377825972655,7365.0
510855845,63,1251.8253968253969,3254.92806292681,2.288877241932244,15925.0
512403200,63,734.6031746031746,1655.7603023081076,2.288732405055209,9365.0
510796718,63,678.8095238095239,2480.604068322634,2.2879690157967176,13135.0
510838394,63,834.6031746031746,2797.4450182822793,2.2870486642052725,12610.0
511039628,63,416.58730158730157,1637.750430344689,2.2865385943786674,11020.0
510659460,63,428.015873015873,1411.649841121208,2.285974204845061,7370.0
510838339,63,654.047619047619,2293.518718170636,2.2854311446838724,13010.0
510649719,63,440.95238095238096,1484.9079088266224,2.2848831037522235,7805.0
510857729,63,543.0952380952381,1822.2534411235542,2.2845196208595957,9450.0
510838463,63,840.0,2809.334813932685,2.2818209817539525,12720.0
512413966,63,335.3174603174603,846.0900933000829,2.280769611318827,5485.0
510722823,63,1624.2857142857142,1643.5688099923664,2.280215234587773,6570.0
510838013,63,654.9206349206349,2313.9660988231476,2.280029003648267,13240.0
510847136,63,843.968253968254,2814.9785363775436,2.279865927699695,12750.0
511062357,63,589.4444444444445,1008.5130027434,2.2793681824814507,4380.0
512413971,63,339.12698412698415,867.6672190245463,2.2782843730086344,5690.0
510979805,63,1507.142857142857,867.5766742566825,2.2758093704475706,3270.0
512399413,63,508.57142857142856,900.1480293009465,2.2751731403460997,5025.0
511040428,63,625.6349206349206,1825.0758914983842,2.274979861287374,13120.0
510796717,63,679.2857142857143,2481.723493400474,2.274331341617254,13145.0
512404263,63,861.4285714285714,1969.9161658458538,2.2737546466451763,10540.0
510847144,63,846.1111111111111,2817.477773396665,2.273395207742145,12760.0
510649594,63,440.63492063492066,1484.7068495441995,2.271769848302521,7805.0
510659462,63,426.3492063492063,1406.7694076893522,2.2712704810730497,7335.0
510838461,63,836.3492063492064,2802.4459659763475,2.2711349762514317,12695.0
510797062,63,691.4285714285714,2503.886886257146,2.2699686720478374,13200.0
511052214,63,1470.079365079365,3633.949851863349,2.269810040947042,18055.0
512396794,63,744.2857142857143,1608.5078381648589,2.2677525684860256,8765.0
511062361,63,501.984126984127,874.9403388335556,2.2677521127845983,3545.0
510971742,63,1632.4603174603174,2280.728850859268,2.2673436945044645,13035.0
512404278,63,859.3650793650794,1955.0248517650473,2.267040871054933,10510.0
510796693,63,679.3650793650794,2482.552096725148,2.266870801053283,13155.0
512428004,63,319.44444444444446,1014.2079823888287,2.266299246858045,5110.0
512403182,63,742.2222222222222,1677.535100776409,2.2652068431704295,9460.0
512396694,63,731.3492063492064,1554.3467164045949,2.263320541275257,8295.0
510847509,63,863.8888888888889,2866.4124824793203,2.262251823012478,13375.0
510722752,63,473.4920634920635,480.8985498611703,2.26188627587987,2190.0
510723831,63,1369.126984126984,5572.743615398954,2.261428967713103,41120.0
510649742,63,443.8095238095238,1491.6730470390196,2.260728670295446,7845.0
510797080,63,693.6507936507936,2507.352769026755,2.2564481600313733,13220.0
512403300,63,658.3333333333334,1437.7508196328174,2.2564405151695266,8080.0
510797079,63,693.8888888888889,2507.7167105473504,2.2563285761784124,13225.0
510797081,63,693.8888888888889,2507.2925000892064,2.2553870755449617,13220.0
510838090,63,642.2222222222222,2279.2266263662586,2.2546915207815363,13050.0
512414084,63,463.41269841269843,1072.4049041970238,2.254225590145202,6960.0
511041466,63,249.52380952380952,760.8376719995143,2.2534927591348652,5675.0
510848655,63,886.031746031746,2971.724295640246,2.2529952552778143,13640.0
511057797,63,2039.3650793650793,1330.5112078613813,2.2529212962454404,8605.0
510649739,63,442.3015873015873,1491.7957963141826,2.252727146206565,7840.0
510723022,63,723.4920634920635,664.6904657497176,2.2519797710185996,2200.0
510848649,63,894.8412698412699,3004.787170855915,2.251902215460532,13775.0
510839720,63,689.8412698412699,2616.825824114628,2.2514841097104576,14085.0
512403458,63,1933.015873015873,5707.589990507725,2.2500278273828886,28525.0
510659415,63,446.42857142857144,1462.629213638871,2.2497383861171527,7640.0
512396281,63,913.4920634920635,2933.1808170621116,2.2487395972992834,16840.0
510659410,63,452.22222222222223,1477.9955306192458,2.2484043180395994,7715.0
510838360,63,835.7142857142857,2797.852842798191,2.2475168967646018,12605.0
511058324,63,1281.111111111111,4471.815450456231,2.2467782003425296,25160.0
510649755,63,437.46031746031747,1465.8100460638932,2.246435139685105,7695.0
512403455,63,1933.2539682539682,5706.846776286201,2.24626335866194,28530.0
510800519,63,703.7301587301587,2515.416814087063,2.246103056425239,13575.0
510800627,63,706.6666666666666,2515.526142617792,2.246026757727276,13575.0
510723845,63,254.28571428571428,595.5235275699869,2.2434927876053417,4430.0
510855505,63,1091.984126984127,3232.63880769787,2.241545935655529,15630.0
510649754,63,441.3492063492063,1477.1848788864074,2.240868400510826,7770.0
499397044,63,165.63492063492063,376.0549591605831,2.2405789198324415,1965.0
512396757,63,730.2380952380952,1553.0377175309466,2.2386105668668455,8300.0
510797737,63,699.1269841269841,2524.9671891324842,2.2379207600765043,13355.0
511614815,63,198.65079365079364,280.9764172591919,2.2367712880708273,1215.0
510659461,63,427.22222222222223,1408.886479142699,2.2352555305307087,7350.0
510723020,63,777.936507936508,717.1868401230417,2.2333214157182235,2370.0
512413980,63,387.3809523809524,956.446656836267,2.2321424313307108,6280.0
511057842,63,2070.714285714286,1377.3164818748953,2.2309109481969744,8985.0
510649738,63,443.968253968254,1494.1666570285709,2.230560990609693,7850.0
512396759,63,739.3650793650794,1579.4413804395372,2.230488972051671,8520.0
510975535,63,853.8095238095239,605.4421966267474,2.230337823814316,2120.0
510847461,63,847.4603174603175,2841.258647861025,2.230255238989609,13215.0
510838179,63,645.3968253968254,2269.2508536439846,2.229582707569267,12995.0
510848636,63,896.6666666666666,3004.2167945051997,2.2277241539538797,13775.0
510848658,63,885.2380952380952,2965.3060317193485,2.2267116518318484,13590.0
510857697,63,890.4761904761905,2921.778169678708,2.2264195567075755,13650.0
510649752,63,442.53968253968253,1485.3713755825167,2.2255267695786123,7815.0
510800656,63,710.952380952381,2536.889741831911,2.2246144319569825,13735.0
510649736,63,441.1904761904762,1490.6495429536194,2.223931528348467,7830.0
510649797,63,426.5079365079365,1435.6260955507598,2.2233379605398422,7570.0
510837984,63,662.7777777777778,2324.9496660832874,2.2219747185723135,13275.0
510649757,63,430.4761904761905,1443.5847278076365,2.221131249257961,7635.0
510649747,63,442.3015873015873,1484.8055225638639,2.220154451505017,7810.0
510838170,63,645.1587301587301,2266.8852028246724,2.219739461146887,13025.0
511075936,63,938.8095238095239,2975.6945128997004,2.219573738877613,16925.0
512396661,63,734.7619047619048,1557.7629298523316,2.219419087198159,8335.0
510838395,63,668.0952380952381,2310.7501973719222,2.2166408973335465,12985.0
510659417,63,447.46031746031747,1464.990056394712,2.2159806685572714,7650.0
511179495,63,743.4126984126984,1541.4875056771396,2.215672638554969,7205.0
510847169,63,845.5555555555555,2805.328758709832,2.215322458369139,12715.0
510838068,63,648.6507936507936,2296.1444202551183,2.2148416306392082,13075.0
510658717,63,448.968253968254,1476.1704374042506,2.2140126171953036,7665.0
510800576,63,705.6349206349206,2514.1590160758965,2.2120454672842995,13575.0
510838094,63,650.6349206349206,2269.5547190212997,2.2117851872530436,13050.0
510658718,63,444.12698412698415,1464.691572642442,2.2113446676387403,7595.0
510838093,63,648.968253968254,2269.5214357575546,2.2098517232485353,13045.0
510847494,63,847.7777777777778,2843.2116066419276,2.207997503324712,13255.0
510722825,63,1631.031746031746,1640.989119189556,2.206362672597393,6575.0
510658714,63,447.6984126984127,1473.2723138659367,2.2043505912699937,7645.0
510857551,63,859.2857142857143,2815.1148571570175,2.2042715440410117,12935.0
512428002,63,320.1587301587302,1014.6773554626535,2.2032969379155385,5105.0
512427952,63,321.1904761904762,1013.3248190684427,2.2024855577714995,5100.0
510838323,63,651.5873015873016,2293.825833834204,2.2017704665071625,13015.0
512413219,63,239.9206349206349,471.8046103778385,2.2006065515635624,2560.0
510658715,63,448.3333333333333,1473.838525755111,2.1997123646417625,7650.0
510649820,63,425.3968253968254,1435.9332419975624,2.1995471343053583,7565.0
510665564,63,308.015873015873,947.9211293593573,2.196172482233152,4910.0
512398744,63,286.6666666666667,709.0020246570118,2.194734151697317,4145.0
510659408,63,449.6031746031746,1484.0553913199767,2.1938090105416617,7725.0
511052216,63,958.8888888888889,2013.239133842734,2.193765486836421,9205.0
512404274,63,870.7936507936508,1957.0334706183046,2.1937632410996506,10510.0
510658740,63,451.58730158730157,1486.1215015117384,2.1912118814072064,7740.0
510800628,63,706.984126984127,2514.998002257037,2.1889864719694354,13570.0
510665565,63,307.46031746031747,946.7081647510752,2.187389021465621,4900.0
510649798,63,428.4920634920635,1441.6846202588256,2.187098423167641,7615.0
510658737,63,447.22222222222223,1478.7761335126404,2.185892482158919,7695.0
510838306,63,651.4285714285714,2288.790783109702,2.1858728644056566,13010.0
512427945,63,317.85714285714283,1005.7494855329379,2.185175673625875,5095.0
510649804,63,423.4920634920635,1431.1896232991705,2.1845580740745203,7575.0
510659469,63,424.2857142857143,1390.5861079064125,2.1828819107489204,7290.0
510800507,63,695.6349206349206,2504.226345675204,2.1828171265495993,13460.0
510658686,63,425.23809523809524,1407.3239959203024,2.1816904854264942,7300.0
499396769,63,272.6984126984127,587.1574673365338,2.1798161632237605,2730.0
510797945,63,703.0952380952381,2506.256112303934,2.1791064908164524,13225.0
510838020,63,658.015873015873,2308.2907270075716,2.1788698402478195,13200.0
510857630,63,859.4444444444445,2815.6042884184867,2.1788011073324514,12930.0
511044741,63,4036.904761904762,5547.628702120381,2.178785580589233,39280.0
510797731,63,698.4126984126984,2518.996347977994,2.1780561886884526,13270.0
510649802,63,424.76190476190476,1432.9530271017904,2.177245279292607,7570.0
511075924,63,951.9047619047619,2989.9323582503407,2.17639890677537,17010.0
510659473,63,421.42857142857144,1385.0190485971514,2.1761185312583353,7255.0
510649800,63,427.3015873015873,1440.811214547271,2.175618457437076,7610.0
510658738,63,448.8888888888889,1483.9720142469334,2.174979411752225,7730.0
510838051,63,660.5555555555555,2312.5865478331043,2.1730127706385813,13205.0
510658683,63,424.5238095238095,1404.996474075967,2.170601023892882,7290.0
510797983,63,698.4920634920635,2491.7390343409916,2.170408775015784,13175.0
510665554,63,308.0952380952381,949.8792064849312,2.1697841232219397,4920.0
512396659,63,730.4761904761905,1556.133212818513,2.168964909156014,8420.0
510838341,63,660.2380952380952,2295.849591245498,2.1682266489809594,13020.0
510838413,63,669.1269841269841,2310.0329106164445,2.1679561662972002,12980.0
511061084,63,237.53968253968253,462.17654165693233,2.1666052762874175,2080.0
511040318,63,642.6984126984127,1894.2812547492028,2.1629338579319417,13885.0
499396797,63,274.44444444444446,588.0819774371428,2.1616978529111646,2735.0
510649822,63,425.0,1433.312765543853,2.160616500554002,7550.0
510659467,63,426.8253968253968,1391.495569750375,2.1602471522987368,7300.0
510797765,63,703.4920634920635,2518.8420014287917,2.1600958541521424,13350.0
510857748,63,866.031746031746,2802.895990660339,2.1599533169387595,13405.0
510847459,63,837.1428571428571,2798.3927867510115,2.159761356674816,12995.0
510838420,63,679.6031746031746,2327.7339634300756,2.1595589191942035,13025.0
510649825,63,423.73015873015873,1430.9989653785535,2.159303955480881,7545.0
510838378,63,664.2857142857143,2305.1607349217293,2.1591243581049944,13010.0
512428342,63,323.6507936507937,1043.0655062274939,2.1589633620079973,5345.0
510838417,63,670.3968253968254,2312.806963338527,2.1584941249335796,13000.0
510649815,63,423.73015873015873,1430.3780710047483,2.1578884689682525,7545.0
511039917,63,613.5714285714286,1782.4531004487994,2.157707399843306,13355.0
510838048,63,659.1269841269841,2311.662148074575,2.157052383518419,13210.0
510658555,63,426.58730158730157,1417.125619160599,2.156903071397843,7415.0
512403297,63,671.1904761904761,1460.4696312415406,2.1559589654735576,8230.0
510665556,63,309.12698412698415,950.1615056614102,2.155938773106898,4920.0
510838000,63,663.6507936507936,2325.2535772832853,2.1558866014221656,13275.0
510656574,63,425.07936507936506,1428.504883882799,2.1557298038361723,7505.0
511178975,63,991.2698412698413,1467.722057786995,2.1525684406577614,7265.0
510800504,63,696.2698412698413,2503.6090028026524,2.1508685082319254,13450.0
512428000,63,321.5079365079365,1013.6983688457391,2.1505333850048114,5100.0
510659491,63,423.25396825396825,1385.8891866544063,2.1496044733294952,7270.0
512414067,63,417.85714285714283,978.3782311221158,2.1491539784427887,6445.0
510658708,63,439.2857142857143,1448.3844885692856,2.1486015788689397,7510.0
510656605,63,426.9047619047619,1424.9644671776534,2.1476100718188187,7485.0
510848708,63,882.1428571428571,2952.4774608254043,2.1465265969847587,13535.0
510665517,63,306.58730158730157,952.5072285716842,2.1460276248554435,4925.0
510838355,63,662.1428571428571,2299.418179264842,2.1453682353033083,12990.0
510838021,63,658.015873015873,2308.7445163290517,2.144944027945504,13205.0
510649827,63,423.3333333333333,1426.3527817705253,2.1448284107365954,7510.0
510658560,63,428.968253968254,1418.7051566680723,2.144657314902035,7420.0
510847759,63,875.0793650793651,2904.6752486381674,2.1443125581100606,13655.0
512396456,63,728.7301587301587,1555.8173788506945,2.143610500859606,8430.0
510665518,63,308.4920634920635,955.2126240759492,2.140508352306148,4945.0
512414066,63,424.04761904761904,990.1559249736218,2.1389741587167843,6515.0
510847386,63,835.952380952381,2778.1133156280803,2.136812488980451,12665.0
510847750,63,874.8412698412699,2901.24819748856,2.136718980057951,13645.0
510838057,63,654.9206349206349,2301.552857988649,2.1365599813226144,13105.0
510659486,63,422.6190476190476,1385.6164510097142,2.136027402877011,7270.0
510658720,63,448.3333333333333,1476.7556527958566,2.135573819283154,7680.0
510656573,63,427.53968253968253,1435.2078845195194,2.1354095026871094,7540.0
510667909,63,312.3809523809524,954.8445478710544,2.135395693347247,4880.0
512414088,63,413.4920634920635,968.7082498477511,2.1353097382985364,6390.0
510658675,63,420.95238095238096,1391.6669794052098,2.135158039576619,7220.0
510656608,63,426.8253968253968,1423.9685858677312,2.1349113976593177,7475.0
511060649,63,1318.888888888889,4572.257634315019,2.134794108101046,25125.0
510800437,63,691.031746031746,2476.2509316293635,2.1345023628164985,13100.0
511062103,63,287.6984126984127,557.6620445800322,2.1334135309011395,3145.0
510658704,63,425.95238095238096,1408.693874899626,2.1330507849904543,7310.0
510667912,63,316.1111111111111,962.8701401591159,2.1317353061921636,4905.0
510659489,63,421.984126984127,1385.7179167872782,2.1317347873830887,7265.0
510659730,63,423.57142857142856,1385.3500281375927,2.131182772866015,7265.0
510848724,63,884.2063492063492,2958.479912424133,2.130873496029167,13560.0
512403227,63,735.3174603174604,1616.4576646062876,2.130257595041009,9165.0
510996865,63,293.57142857142856,317.15650529025294,2.1300754397318507,1505.0
511032243,63,204.20634920634922,202.49891745868817,2.129124935284813,1175.0
511614813,63,188.4126984126984,265.1898671567244,2.1280364592613745,1160.0
511060613,63,1385.3174603174602,4747.868441343243,2.127345866410706,25630.0
510797982,63,699.7619047619048,2491.2748434530704,2.1270561260302623,13170.0
510656606,63,427.85714285714283,1426.1887272427466,2.1268483525361765,7485.0
510797771,63,706.1904761904761,2519.125186462381,2.126451101333542,13345.0
510656576,63,424.36507936507934,1422.5960175269227,2.1262546396805195,7485.0
512408852,63,296.3492063492063,585.4445556164758,2.126159826358104,3180.0
510659484,63,422.93650793650795,1385.6201694433628,2.1261337462804386,7260.0
510797953,63,699.8412698412699,2491.9598078772824,2.1261332777746413,13175.0
510656566,63,425.87301587301585,1433.398156109297,2.122934796182488,7530.0
510975557,63,384.2063492063492,332.659380124541,2.122311322959261,1290.0
510838058,63,655.0793650793651,2301.340684299587,2.1216942094601743,13105.0
510665523,63,307.3809523809524,953.8254291581641,2.1209492630167013,4930.0
510797772,63,705.7142857142857,2519.049497065033,2.1208397881545973,13345.0
512428408,63,335.7142857142857,1084.7542672312923,2.12017551855917,5510.0
510658561,63,428.968253968254,1418.0171750205827,2.118995038957881,7415.0
511075922,63,954.8412698412699,2972.7882762969653,2.1188416717160887,16955.0
512414069,63,424.5238095238095,984.4577327898692,2.1185534465680576,6475.0
512428413,63,337.3809523809524,1085.9936200812335,2.1179602126515786,5520.0
510838307,63,652.1428571428571,2288.6061954762663,2.117903798130994,13010.0
510857512,63,845.6349206349206,2784.721636065943,2.1175193409314224,12780.0
510855599,63,1995.4761904761904,1970.432594202332,2.1170244393788793,13435.0
510658701,63,426.58730158730157,1410.298477158243,2.116177251263311,7320.0
510838317,63,652.2222222222222,2289.3992693143146,2.115340125899651,13015.0
511178547,63,441.9047619047619,1487.0338598904966,2.1149790038377776,6970.0
510656602,63,426.1904761904762,1423.2025206366604,2.1119707314252585,7475.0
510837994,63,663.3333333333334,2324.666295857703,2.1117488605699477,13275.0
511062109,63,284.6031746031746,554.8992218785069,2.1116236285953947,3145.0
511052054,63,877.3809523809524,2259.2092638124195,2.1107540231349984,12815.0
511075929,63,1166.4285714285713,2856.7463204090254,2.1085021567069884,13465.0
510798014,63,700.5555555555555,2492.0544884646292,2.108268019031294,13175.0
510979766,63,1510.5555555555557,849.7784868437827,2.1060823945306484,3230.0
510848736,63,878.7301587301587,2937.1893752380465,2.105490012896331,13275.0
510667911,63,315.1587301587302,961.5490561076888,2.104365625283106,4895.0
510847725,63,871.8253968253969,2879.3178377798968,2.104310147471,13485.0
510971745,63,1732.142857142857,2355.156099594297,2.103311667325338,13415.0
511058319,63,1198.6507936507937,4142.944858659661,2.103190732188724,22975.0
512414065,63,422.46031746031747,980.2850445463238,2.1025421008825167,6445.0
510658557,63,428.1746031746032,1419.5860089349826,2.1019429428084435,7425.0
511061081,63,218.57142857142858,416.32457539008277,2.1006772689175013,1800.0
512407452,63,867.1428571428571,2845.673103985513,2.1003892111186766,15025.0
510656567,63,426.8253968253968,1435.2689704055872,2.0994622813739765,7540.0
510847444,63,853.7301587301587,2834.2664136299218,2.099044980275759,12955.0
510658559,63,428.8888888888889,1420.7226252079531,2.098222681162284,7430.0
512414074,63,423.41269841269843,979.3306739137744,2.097877602303188,6440.0
510797942,63,702.7777777777778,2505.8548824216205,2.0965710994507036,13215.0
510665525,63,307.46031746031747,952.1647123943052,2.096330066583937,4930.0
510665567,63,306.6666666666667,940.3062301461225,2.0961746797764977,4880.0
511036430,63,783.968253968254,1659.2534171131726,2.0955572395736843,11410.0
510847395,63,839.5238095238095,2779.2089142308264,2.0951139472412827,12700.0
510665614,63,307.22222222222223,940.6118366468411,2.094341485159822,4855.0
512407817,63,1331.111111111111,4336.599813110278,2.0932617632400055,23710.0
512396449,63,734.3650793650794,1574.4142515663004,2.093151575310743,8580.0
510665520,63,307.93650793650795,954.6358176241005,2.091799131950023,4940.0
511039962,63,626.9047619047619,1942.4108790473438,2.09010665811875,14605.0
510855600,63,1981.2698412698412,1932.6454726062557,2.08914923058791,13230.0
510847740,63,878.7301587301587,2895.499980260522,2.0880230313672477,13585.0
499382999,63,254.9206349206349,554.1525730741954,2.0875145859150686,2765.0
510798015,63,700.7142857142857,2493.0818564293363,2.086789046403685,13180.0
510667837,63,306.031746031746,939.5817355002235,2.086675303623436,4850.0
510800473,63,694.4444444444445,2473.604870901509,2.086062187363192,13110.0
510800439,63,694.6031746031746,2477.2396679061603,2.0856101766816475,13105.0
512401545,63,754.9206349206349,2132.6544288642804,2.084209156250321,10965.0
512408849,63,296.42857142857144,583.8211368353052,2.083390549816638,3170.0
510665396,63,304.6825396825397,951.5237665127484,2.081132449435258,4925.0
510847443,63,847.5396825396825,2813.5745077208585,2.0803008222965396,12885.0
511040494,63,611.1111111111111,1887.1243365631065,2.08012096046527,14155.0
511052211,63,602.936507936508,1639.789432518856,2.079526154512573,8530.0
510667940,63,313.8888888888889,961.509836077901,2.0776111742803063,4895.0
510667914,63,315.63492063492066,962.6620065011815,2.077571405250605,4900.0
511075913,63,957.4603174603175,2982.658733982132,2.0768607820158214,16940.0
510800446,63,694.6825396825396,2474.2580955510475,2.0763751581558885,13120.0
511036407,63,865.0,2872.869477066104,2.075982215026352,21570.0
510847439,63,849.2063492063492,2811.555103833912,2.071382367163512,12875.0
510854402,63,872.8571428571429,2892.647619993874,2.070588582072325,12975.0
510800450,63,694.6825396825396,2475.310321538701,2.0705385146889483,13125.0
511075009,63,1129.126984126984,3526.9365007594265,2.0701918123769416,19575.0
510857692,63,901.9047619047619,2926.223128408875,2.069653439377826,13680.0
510975534,63,325.1587301587302,275.553648330119,2.0692575838335534,1080.0
510857633,63,877.7777777777778,2859.6519890028376,2.0687842914873897,13260.0
512396213,63,1023.8888888888889,2403.709070146969,2.06667857257049,12045.0
510665500,63,304.36507936507934,950.771118306631,2.064260957463508,4915.0
510800502,63,694.9206349206349,2473.7030639182017,2.0625771388582264,13110.0
511060609,63,1797.936507936508,5772.375093643013,2.0613152502944527,29175.0
510847721,63,874.2063492063492,2879.962646256025,2.061211635399328,13485.0
510665621,63,306.984126984127,939.6222386453436,2.0599182061111216,4845.0
510665501,63,305.23809523809524,948.70430680542,2.059348012241636,4925.0
510848701,63,891.7460317460317,2963.165014338848,2.0579094430509537,13580.0
510658673,63,430.3174603174603,1413.5302046751353,2.0574072974499407,7375.0
511075743,63,1155.2380952380952,3578.5191824511016,2.056742667065838,19685.0
512399420,63,288.57142857142856,507.894474507277,2.0565400963833813,2785.0
511075035,63,1152.5396825396826,3578.5412049685774,2.055078986860317,19690.0
510800503,63,695.0,2474.380991343609,2.0548689491004155,13115.0
511075915,63,960.7142857142857,2975.448442366247,2.053124225041486,16975.0
511040332,63,646.8253968253969,1904.870519176689,2.0517365039069495,13850.0
510843616,63,843.4920634920635,2648.6608964325414,2.0498508753858364,11390.0
511075911,63,966.1111111111111,2985.5426432312047,2.0491090127933695,16925.0
511075002,63,1116.111111111111,3509.0736582562777,2.047795932312155,19560.0
511032106,63,236.03174603174602,240.92757366089918,2.0472009053057425,1410.0
511060657,63,1312.4603174603174,4531.452614870783,2.0460692459855587,25010.0
510665619,63,309.04761904761904,942.6869871597722,2.045410018517377,4865.0
512428405,63,331.74603174603175,1061.5756543665066,2.0443577112707474,5400.0
512401536,63,1515.6349206349207,4680.215521993539,2.0439893077594196,24665.0
510994884,63,289.2857142857143,338.187599616784,2.0426375998682316,1745.0
510659747,63,427.53968253968253,1389.523262703236,2.0426048031452746,7260.0
510665394,63,305.1587301587302,951.7030440614241,2.0417643567009764,4925.0
510847873,63,880.0,2900.111788724147,2.0405727663687103,13670.0
510847765,63,879.9206349206349,2900.5061421580144,2.0389386343686207,13675.0
511040339,63,602.6190476190476,1755.4104972412824,2.0377269172742163,12510.0
510838436,63,680.0793650793651,2314.4316678641635,2.0371676400328305,12950.0
511041340,63,153.33333333333334,346.2576422820292,2.0362814874344126,2385.0
510665604,63,307.3015873015873,941.6324300832766,2.0336935542178756,4885.0
512397512,63,746.1904761904761,1664.5763081680234,2.0307442248392187,9390.0
511060516,63,1779.4444444444443,5718.878761011998,2.030540753391011,28910.0
510665599,63,308.41269841269843,943.4087239798616,2.030122087409971,4895.0
510665598,63,307.85714285714283,943.0923373042683,2.0289042967490514,4895.0
510665600,63,308.25396825396825,943.43365611582,2.027125668400354,4895.0
510847874,63,886.984126984127,2910.58864178356,2.0269645690931584,13640.0
510663985,63,297.6984126984127,916.2668936949051,2.0253400253663316,4770.0
510848664,63,893.3333333333334,2962.2343354408195,2.02394683697217,13570.0
511179391,63,138.96825396825398,186.33164746468114,2.0233756777473384,1055.0
512396389,63,748.2539682539683,1611.4297295164577,2.023215865575686,8825.0
512428396,63,329.04761904761904,1052.6965593574196,2.021417127402069,5365.0
512396379,63,746.6666666666666,1613.8943084073621,2.0210952655061067,8850.0
511614811,63,192.06349206349208,266.4319723751971,2.0194136205711763,1175.0
510665390,63,304.2857142857143,949.8708983342443,2.0182582029273664,4920.0
510975547,63,418.8095238095238,351.1659316060391,2.017761922164213,1365.0
510659733,63,426.8253968253968,1387.083358423554,2.0160537111802315,7255.0
510659745,63,428.0952380952381,1390.0906296084963,2.0153018611741675,7265.0
510658654,63,430.07936507936506,1407.2959349185587,2.0151697043322505,7370.0
510663984,63,298.4920634920635,917.7710704959171,2.0134662197259545,4780.0
512428344,63,326.26984126984127,1042.287716552287,2.012805782513507,5335.0
511052050,63,500.1587301587302,938.5219025122087,2.012673619324094,5115.0
510665605,63,306.74603174603175,939.6023346943276,2.0121609578257114,4865.0
511059875,63,820.4761904761905,1982.7873656363631,2.011771297056052,9910.0
510665121,63,296.984126984127,914.8662601372575,2.011407938646445,4765.0
510665232,63,299.36507936507934,938.8318462510069,2.0111918060426737,4860.0
511050199,63,305.0,369.003671631353,2.010468917008094,2175.0
511062346,63,234.12698412698413,397.9033150541478,2.0094701247729514,1735.0
510999140,63,953.968253968254,2783.928553775101,2.0083928841895378,13270.0
512396211,63,1118.095238095238,2668.8852977823703,2.007356610344597,12920.0
510665233,63,300.4761904761905,939.213687203511,2.0054087233002824,4865.0
511074999,63,1103.015873015873,3449.4259152655072,2.004221142040666,19365.0
512428364,63,325.95238095238096,1041.5512071188298,2.0036433548803125,5325.0
510740538,63,1878.968253968254,2089.469402999888,2.002523637481742,12180.0
510663977,63,295.95238095238096,909.8058358716847,2.0012312705482453,4735.0
510659735,63,428.57142857142856,1389.7842802471607,2.0006618280647084,7265.0
510663980,63,298.0952380952381,917.8895975900672,2.0003895008085326,4775.0
511062353,63,275.1587301587302,455.3295228714711,1.9988883424229014,2020.0
510722749,63,2483.4126984126983,1976.7270573326473,1.9986176857261877,7365.0
510971611,63,640.6349206349206,716.374435828965,1.998584098319313,4325.0
510663979,63,297.6190476190476,916.3593186745354,1.998554536404483,4765.0
510658657,63,427.77777777777777,1404.101072141365,1.996432825320907,7345.0
512398740,63,359.6825396825397,997.6900227347238,1.9962755415459252,5890.0
510665122,63,298.1746031746032,916.4206763920114,1.9956864699037873,4770.0
510658661,63,433.015873015873,1419.8726486744017,1.9956859152656552,7415.0
510848634,63,918.968253968254,3040.1440647541367,1.9949042958976035,13975.0
511052209,63,272.22222222222223,567.8473626249781,1.993875674247947,2635.0
511060612,63,1789.920634920635,5756.887774521778,1.9932982720278105,28965.0
510847409,63,838.015873015873,2759.975680655266,1.9918068380252851,12640.0
511075745,63,1169.6031746031747,3601.9850375810142,1.99135973120068,19735.0
510665214,63,299.6825396825397,931.946399285835,1.9904788538337501,4850.0
511075753,63,1151.8253968253969,3559.2488902253526,1.9890798157157068,19490.0
510665129,63,297.93650793650795,915.1452532868294,1.9886896939761345,4765.0
512414073,63,412.46031746031747,960.7951482747427,1.9884771065404816,6330.0
510665213,63,300.7142857142857,932.4719390151596,1.9869896390429216,4845.0
510847889,63,901.5079365079365,2957.4429936044185,1.9850554362240271,13835.0
510855523,63,2011.5873015873017,1974.756788903388,1.984542869240845,13505.0
510975315,63,329.12698412698415,420.68927664717,1.9838187170029162,1665.0
511036326,63,470.87301587301585,1056.4908972031021,1.9835371619678719,7045.0
510668011,63,325.0,977.1304267945718,1.981821888636267,4995.0
510857694,63,601.3492063492064,1953.238255446499,1.9813370100192338,10065.0
510857693,63,630.3968253968254,2023.0656435356404,1.9801693144241876,10480.0
511052052,63,758.8888888888889,1649.8610509540483,1.979391515772389,10430.0
510999151,63,954.6825396825396,2787.4926403802565,1.9790490648086232,13240.0
510722847,63,431.6666666666667,411.5578194004791,1.9773507207804562,1485.0
511040432,63,443.4920634920635,1184.3987977167023,1.9772136015030737,8545.0
510658659,63,429.2857142857143,1406.3000119115068,1.9771085308072691,7355.0
510665237,63,301.74603174603175,940.8288893183152,1.9763687484025798,4880.0
511062312,63,223.17460317460316,374.43645999075,1.975863677578518,1505.0
510760423,63,184.68253968253967,295.21981014681825,1.9758442905790365,1195.0
511075910,63,1159.2857142857142,2819.3104077265434,1.97368196059729,13430.0
510722729,63,2674.0476190476193,2319.4703332287113,1.9733522670589592,10045.0
510668012,63,325.87301587301585,978.1667100485528,1.9730803606787917,4995.0
511075920,63,1154.2857142857142,2802.4110957011208,1.9727800100228374,13310.0
511075903,63,976.4285714285714,2998.4383608282888,1.9719566002112427,16915.0
511062099,63,373.25396825396825,686.3021287153059,1.9716045580685084,3595.0
511034636,63,386.26984126984127,481.6009660781359,1.9714959300513337,2745.0
510663463,63,295.3968253968254,910.664548906413,1.9700721256573546,4735.0
512407834,63,150.79365079365078,408.11842678518946,1.968677497390861,1895.0
510857708,63,585.8730158730159,1910.6249061503538,1.9655049735100623,9870.0
510665127,63,298.8095238095238,917.2090002995035,1.9649911503591373,4775.0
511074992,63,1106.111111111111,3449.352258552934,1.9647714970085655,19360.0
510999757,63,960.5555555555555,2785.339371097601,1.9643503047358761,13140.0
510727913,63,221.5873015873016,248.63145642993788,1.9639897082727977,1355.0
512428379,63,325.23809523809524,1040.8276129194826,1.9638916322523985,5320.0
511075900,63,977.063492063492,2997.8990808780645,1.9628082247007375,16910.0
512398739,63,363.73015873015873,1002.3826326010925,1.962302433261967,5900.0
511074990,63,1108.4920634920634,3448.832274904053,1.9608649490938017,19360.0
510857522,63,861.7460317460317,2808.814633281667,1.9599784234459023,12925.0
512396293,63,951.5079365079365,2157.8571051453614,1.957893162709928,11230.0
510997205,63,1206.5079365079366,1166.8991978055442,1.9573635041112856,6240.0
510727921,63,224.9206349206349,251.4225527895286,1.9571677624441517,1385.0
510999149,63,960.4761904761905,2793.0469133023585,1.9571319803258336,13260.0
510663461,63,295.1587301587302,909.9246549160915,1.956451667209588,4735.0
510663465,63,295.87301587301585,911.7364413325054,1.956317734516661,4740.0
510854404,63,883.2539682539683,2893.5876211990853,1.9547936487388418,12980.0
510994875,63,273.8095238095238,317.31956301042084,1.9529854592146845,1645.0
511075747,63,1173.2539682539682,3603.844403251465,1.952821150821326,19735.0
510967339,63,339.76190476190476,1325.549925007216,1.952547642197019,8100.0
510665231,63,299.44444444444446,933.1541686714799,1.952163842889257,4845.0
510855832,63,1885.6349206349207,5279.229881219503,1.9513853497422413,35300.0
510665123,63,298.6507936507937,917.228999420751,1.948826943830233,4775.0
510658563,63,432.14285714285717,1409.9289945189628,1.9483234838073542,7375.0
511039598,63,355.7142857142857,1290.6265223822488,1.948224286676591,8675.0
511043291,63,274.2857142857143,347.22733227166566,1.947831246587728,2030.0
510979770,63,1536.984126984127,867.6853430724144,1.9459507371204714,3260.0
515780969,63,246.11111111111111,426.7019474660576,1.9451597753955294,2590.0
512427059,63,231.34920634920636,304.3504537021668,1.945130568946374,1195.0
515780995,63,249.36507936507937,430.00421234198205,1.9440200987448435,2605.0
510663455,63,294.04761904761904,909.0866814941501,1.9436766747437877,4725.0
510665158,63,299.2857142857143,917.1356431948511,1.9436319545018252,4800.0
511040320,63,659.2063492063492,1904.0875399936415,1.9432575902106293,13915.0
510665177,63,298.1746031746032,915.6930662632881,1.9429049545795147,4795.0
510658651,63,431.9047619047619,1411.0672661121039,1.9422771977461804,7395.0
511075926,63,1162.3809523809523,2815.6168545967685,1.94170299832538,13345.0
510979800,63,1518.1746031746031,858.834216224238,1.9409109097421715,3240.0
510663468,63,294.6825396825397,910.004374774965,1.9408280258235353,4730.0
512428389,63,329.6825396825397,1053.3276276362606,1.9405290608712766,5375.0
510999136,63,960.0,2790.518364378827,1.9404562146087583,13300.0
510857631,63,646.1904761904761,2079.963111158177,1.9403073373832553,10880.0
510658582,63,432.77777777777777,1412.5599552727465,1.9401965686017582,7400.0
510857725,63,588.4126984126984,1911.6305372126415,1.940087715862881,9875.0
510658578,63,432.46031746031747,1410.9870924330955,1.940018872386562,7390.0
510663418,63,293.4920634920635,911.0648833701086,1.9397435063148525,4735.0
510665236,63,300.55555555555554,939.0481243942269,1.9396698264262173,4865.0
510665185,63,302.6190476190476,932.637976103293,1.939513363618196,4840.0
510838444,63,687.1428571428571,2313.569145052746,1.9392824341196397,12940.0
510658584,63,432.3015873015873,1411.52337787504,1.9386153384435085,7395.0
512394629,63,279.8412698412698,1125.9017777355355,1.9385830271230962,7555.0
510981323,63,285.95238095238096,312.21872133797007,1.9383537890642066,1700.0
510663467,63,295.3174603174603,911.3194409206343,1.9369895857297559,4740.0
510665184,63,301.031746031746,930.225067602077,1.9367109711985244,4830.0
510665154,63,298.41269841269843,914.8624193220327,1.9366137314848755,4775.0
511023922,63,1979.126984126984,1852.3223304471107,1.9358187217372806,10585.0
510723928,63,1334.920634920635,5244.272028270732,1.9350044403308755,38665.0
510665235,63,301.42857142857144,939.8212890223008,1.933795463315819,4870.0
511041424,63,228.25396825396825,674.3695734214137,1.933691036978431,5175.0
510847156,63,684.9206349206349,2296.3699425298246,1.932645248066536,12820.0
499397101,63,177.3015873015873,376.9752552382662,1.9299962382899907,1975.0
511044745,63,1274.047619047619,2781.8534748905035,1.9296506066837,14650.0
510665156,63,298.25396825396825,916.2085086016167,1.9292524601122791,4790.0
510663454,63,295.07936507936506,910.8558949370235,1.9290337303995206,4735.0
511023808,63,784.4444444444445,790.3516525996673,1.928141956173809,4855.0
510971785,63,1753.5714285714287,2317.8367675714335,1.9280006216932315,13320.0
510665155,63,298.41269841269843,915.4581196692767,1.9279754543429997,4785.0
510740787,63,1941.7460317460318,2133.3834929539016,1.9259414801745123,12325.0
510668202,63,324.6825396825397,973.9170466330681,1.9234256312679265,4975.0
510999137,63,950.2380952380952,2759.755194345849,1.923027262461999,13210.0
512401528,63,1491.984126984127,4582.268115288448,1.9227588253074233,24135.0
512407449,63,984.7619047619048,3091.093922213413,1.922624784758607,16460.0
515780985,63,249.84126984126985,429.85647290879234,1.9224115555803793,2605.0
511062137,63,378.25396825396825,700.3306584992541,1.9223852226825668,3655.0
510663417,63,294.12698412698415,911.8385979855433,1.9222277405054795,4735.0
511181511,63,769.4444444444445,1563.4925521323971,1.9213637765234457,7445.0
515780984,63,248.8095238095238,429.37286815521315,1.9207298538212112,2605.0
510665178,63,296.58730158730157,916.8119840129153,1.9200507964458233,4790.0
510855708,63,1574.2857142857142,3591.4310941667068,1.9193973866096377,15795.0
510668200,63,326.1904761904762,975.7225256211974,1.917340686794897,4985.0
511041337,63,203.0952380952381,636.9897886021488,1.9171990360344962,4870.0
510847921,63,928.3333333333334,3027.6450712425576,1.9168659558237542,14095.0
511614806,63,219.44444444444446,300.6982614589656,1.9149150443244394,1435.0
510663426,63,293.6507936507937,908.7403575160466,1.9142036854918636,4730.0
510967357,63,342.06349206349205,1324.8641546067288,1.9141493789064934,8045.0
510847410,63,844.047619047619,2755.079452215205,1.913926976298444,12570.0
512396321,63,923.015873015873,2072.6604649507335,1.9135985800965696,10910.0
511181854,63,418.3333333333333,1472.0243357911208,1.9135972937635257,6935.0
510833366,63,335.4761904761905,982.051307002467,1.9132203816507976,5115.0
510723189,63,236.11111111111111,217.17661246917046,1.9130629221474875,760.0
511075765,63,1113.1746031746031,3423.012291307377,1.9127395514896082,18850.0
510979763,63,1602.5396825396826,895.7281562234774,1.9123436043952462,3385.0
512392396,63,180.87301587301587,251.45630621945435,1.9119719002690245,1645.0
511039919,63,607.2222222222222,1769.6290338832948,1.9117493456343144,13310.0
510659756,63,432.53968253968253,1377.7233654790773,1.9108486620420937,7180.0
511075863,63,1056.2698412698412,3185.718631675562,1.9088562226540642,17915.0
510668332,63,327.14285714285717,975.3641645335454,1.9086414438697648,4980.0
510857634,63,648.2539682539683,2081.3223074197404,1.9083791502864567,10890.0
510663412,63,293.015873015873,909.7157211417041,1.9079487301108145,4730.0
510663442,63,294.5238095238095,910.0100647643136,1.9070933765096407,4735.0
511075866,63,1057.3809523809523,3184.7748764747703,1.907057790715194,17905.0
512428382,63,330.07936507936506,1052.0132358664978,1.9067908753757963,5360.0
511181515,63,750.8730158730159,1551.2602940009724,1.9066107263516854,7445.0
510663413,63,293.73015873015873,911.6587895654328,1.9046728998900093,4740.0
511023815,63,766.6666666666666,776.461161606858,1.9044229955874719,4770.0
515780964,63,249.20634920634922,430.0245738938483,1.901516144358831,2605.0
515780968,63,249.20634920634922,429.5564163154206,1.9014839453008865,2600.0
510838445,63,689.3650793650794,2313.492592914565,1.9013524736820229,12940.0
515780931,63,246.5873015873016,428.8693174488619,1.9011322589841355,2605.0
510839730,63,717.7777777777778,2596.233434534534,1.9006901104279192,14020.0
515780963,63,249.12698412698413,430.4597501720424,1.9006235038084274,2610.0
515780960,63,249.20634920634922,431.03795053074737,1.9005818557157443,2615.0
515780958,63,248.25396825396825,430.59894401732777,1.90057729958917,2615.0
510663420,63,293.8095238095238,908.0627706231023,1.9005718712949948,4715.0
515780959,63,249.20634920634922,431.1071702223264,1.9004377325267272,2615.0
515780918,63,243.8095238095238,426.5528692089818,1.8999689348525612,2600.0
511058322,63,334.76190476190476,897.8865995336602,1.8996688099192471,5665.0
510723193,63,186.03174603174602,172.99347071903705,1.898907466248676,600.0
515780981,63,249.04761904761904,429.3138346985738,1.8982294840925564,2600.0
510833371,63,336.74603174603175,983.6072348881545,1.8978775722041612,5125.0
510855830,63,1884.2857142857142,5276.029318404477,1.897523864906773,35290.0
512414135,63,414.8412698412698,945.2952125735593,1.8955559075769597,6200.0
