start_date,statewide_reported_edges,statewide_total_trips,statewide_mean_edge_trips,statewide_median_edge_trips,statewide_edge_trips_std,statewide_edge_trips_q25,statewide_edge_trips_q75,statewide_edge_trips_q90,statewide_edge_trips_q95,statewide_edge_trips_q99,statewide_people_count,statewide_commute_trip_count,statewide_leisure_trip_count,statewide_morning_trip_count,statewide_midday_trip_count,statewide_evening_trip_count,statewide_overnight_trip_count
2021-01-01,425947,35588505.0,83.55148645253988,15.0,453.67312221105306,5.0,55.0,160.0,280.0,925.0,34883465.0,894845.0,35645770.0,7872150.0,10758285.0,7880755.0,338100.0
2021-02-01,370880,26382205.0,71.13407301553063,15.0,449.3381881215078,5.0,45.0,125.0,220.0,735.0,25519795.0,689060.0,26321340.0,6032305.0,7290680.0,6746595.0,250885.0
2021-03-01,460136,41330245.0,89.82180268442373,15.0,497.7080525583568,5.0,60.0,170.0,300.0,970.0,40168810.0,1418075.0,40899270.0,9241575.0,10366415.0,11743225.0,504130.0
2021-04-01,454077,41353460.0,91.07147025724711,15.0,498.0104321570121,5.0,60.0,170.0,305.0,1010.0,40359175.0,1685640.0,40654405.0,10088575.0,9505315.0,11523235.0,676770.0
2021-05-01,460261,44056160.0,95.7199502021679,15.0,557.4357190815492,5.0,60.0,175.0,315.0,1060.0,42963360.0,1928755.0,43182970.0,12696560.0,9953100.0,10359800.0,925835.0
2021-06-01,447190,42273575.0,94.53157494577249,15.0,560.6233892789719,5.0,60.0,175.0,310.0,1020.0,41371635.0,2024550.0,41284380.0,14824630.0,7076715.0,8948245.0,1525285.0
2021-07-01,457078,42823930.0,93.69063923444139,15.0,569.0076412042188,5.0,55.0,170.0,300.0,1050.0,41587155.0,2024485.0,41857960.0,15502785.0,8142045.0,7968015.0,1380845.0
2021-08-01,468329,47452230.0,101.3224250473492,15.0,628.8760274257189,5.0,60.0,180.0,325.0,1120.0,46027550.0,2346730.0,46140410.0,17313590.0,8364290.0,10242435.0,1543600.0
2021-09-01,487006,55914570.0,114.81289758237065,20.0,734.224034198977,5.0,70.0,205.0,360.0,1310.0,53918990.0,2877910.0,53427470.0,19602355.0,11506640.0,13195905.0,1234835.0
2021-10-01,448504,53845470.0,120.05571856661255,20.0,823.8462362888722,5.0,70.0,215.0,390.0,1300.0,50624137.0,2474925.0,52344755.0,17576990.0,13279860.0,12413290.0,850095.0
2021-11-01,384118,48797835.0,127.038657391739,15.0,688.0039877000092,5.0,60.0,185.0,375.0,2319.1500000000815,47255970.0,2057215.0,47528880.0,12045430.0,20005765.0,8818205.0,439540.0
2021-12-01,379637,31150470.0,82.05330355049692,15.0,516.6859714321747,5.0,50.0,145.0,265.0,860.0,30289615.0,1190945.0,30736745.0,8339105.0,8812540.0,6433290.0,338145.0
2022-01-01,358697,31477535.0,87.75522237431592,15.0,629.9996798173945,5.0,50.0,150.0,270.0,920.0,30063960.0,930835.0,31237840.0,7509845.0,8701125.0,8225670.0,454885.0
2022-02-01,372711,36434115.0,97.75433244524578,15.0,674.9849171784892,5.0,60.0,165.0,300.0,1025.0,34940250.0,1543585.0,35247060.0,9831075.0,10219045.0,9050370.0,480240.0
2022-03-01,413215,48496285.0,117.36332175743863,20.0,717.5855952015023,5.0,70.0,200.0,365.0,1465.0,47058465.0,4377130.0,45010895.0,14346375.0,11531145.0,13108850.0,740370.0
2022-04-01,417431,51209800.0,122.67847859885825,15.0,781.4091488327497,5.0,70.0,205.0,375.0,1520.0,48983515.0,4056760.0,47182202.0,17199710.0,11971725.0,12292165.0,783640.0
2022-05-01,423188,48796705.0,115.30739293174665,15.0,713.0136783578789,5.0,65.0,205.0,360.0,1310.0,47756540.0,4938840.0,44807455.0,16632715.0,10111055.0,11386460.0,1173610.0
2022-06-01,429726,47396420.0,110.29451324797662,15.0,732.1125900014696,5.0,65.0,195.0,345.0,1210.0,45645343.0,3035500.0,44512472.0,16404240.0,8475990.0,10830185.0,1744560.0
2022-07-01,444419,47896995.0,107.7744088349058,15.0,710.1782599350386,5.0,60.0,190.0,340.0,1185.0,45817566.0,2901665.0,46059315.0,19023420.0,8231240.0,8823675.0,1909095.0
2022-08-01,463155,55828810.0,120.54022951279809,20.0,813.5353269585598,5.0,70.0,210.0,375.0,1425.0,53018647.0,3690350.0,53221700.0,22720860.0,8834745.0,11709260.0,2079030.0
2022-09-01,456753,59212080.0,129.6369810378914,20.0,885.4310270297537,5.0,75.0,220.0,395.0,1500.0,53323479.0,3459010.0,56705790.0,22388500.0,12012210.0,13678280.0,1339900.0
2022-10-01,423999,56225005.0,132.60645661900145,20.0,909.9090351558173,5.0,70.0,230.0,420.0,1575.0,52959234.0,2842120.0,54257440.0,18586105.0,14575930.0,13169000.0,906280.0
2022-11-01,374259,64645080.0,172.72819090522873,15.0,1034.0248938094155,5.0,65.0,210.0,430.0,3410.0,61893251.0,3094215.0,62279560.0,15229240.0,31485220.0,10059655.0,574610.0
2022-12-01,345744,29489240.0,85.29212365218196,15.0,566.697032696317,5.0,50.0,145.0,270.0,955.0,28498220.0,1308435.0,28822410.0,9062205.0,8303475.0,5673775.0,334165.0
2023-01-01,401260,46642230.0,116.23942082440313,15.0,827.4962241569266,5.0,65.0,200.0,360.0,1245.0,43956207.0,2281575.0,45200750.0,13664340.0,13778515.0,10117700.0,743010.0
2023-02-01,390233,44398990.0,113.77559048055905,15.0,788.7241813929428,5.0,65.0,195.0,345.0,1240.0,42100965.0,2350865.0,42810140.0,12740865.0,12250555.0,10992830.0,697965.0
2023-03-01,415723,55849490.0,134.3430361081778,20.0,865.1707517212998,5.0,75.0,225.0,405.0,1735.0,53366125.0,5513510.0,51222915.0,16047900.0,14839355.0,14949970.0,898470.0
2023-04-01,437492,62951920.0,143.89273403856527,20.0,1003.1942638897335,5.0,80.0,245.0,440.0,1700.0,60786970.0,5173090.0,58747865.0,19632510.0,15208860.0,16778620.0,1298475.0
2023-05-01,448349,65828735.0,146.82476151390992,20.0,999.6420542895455,5.0,80.0,255.0,450.0,1640.0,64262905.0,7563750.0,59333210.0,23163900.0,13503180.0,16533620.0,1629295.0
2023-06-01,433764,54996380.0,126.78871460056621,20.0,898.3786855526062,5.0,70.0,220.0,385.0,1405.0,53618215.0,3918665.0,52043240.0,19870995.0,11136600.0,12287790.0,1755265.0
2023-07-01,462683,61486205.0,132.89056438209315,20.0,937.2861771433097,5.0,75.0,230.0,405.0,1465.0,59584875.0,4169050.0,58432350.0,24328100.0,10952640.0,12327290.0,2739785.0
2023-08-01,493057,75822270.0,153.77992808133746,20.0,1111.9287510571664,5.0,80.0,260.0,465.0,1845.0,72963320.0,5819160.0,71211880.0,29501530.0,14046495.0,17393700.0,2698370.0
2023-09-01,495142,76026435.0,153.54471040630767,20.0,1131.5441910978018,5.0,80.0,260.0,455.0,1750.0,72947975.0,4835490.0,72250880.0,29853880.0,16177870.0,16931545.0,2049315.0
2023-10-01,469517,80454040.0,171.35490301735612,20.0,1271.0199069072821,5.0,90.0,295.0,515.0,2055.0,77215985.0,4836095.0,76677665.0,27396165.0,19512295.0,20533285.0,1721305.0
2023-11-01,422329,84494295.0,200.06747109480997,20.0,1255.9616969674062,5.0,80.0,250.0,485.0,4065.0,82692390.0,4474850.0,80923835.0,20188750.0,40612300.0,13793125.0,788605.0
2023-12-01,417521,46488620.0,111.34438746793575,15.0,794.70712300949,5.0,65.0,195.0,350.0,1190.0,44779310.0,2712985.0,44661040.0,13757070.0,14388250.0,8964510.0,720665.0
2024-01-01,410259,54771880.0,133.50561474580692,20.0,1006.6842672740519,5.0,75.0,230.0,405.0,1435.0,52420395.0,2889565.0,52772430.0,16214850.0,15773730.0,12784675.0,1042380.0
2024-02-01,436848,64653690.0,148.0004257773871,20.0,1118.1305664890317,5.0,85.0,250.0,435.0,1590.0,62084375.0,4003530.0,61606425.0,18495140.0,18578175.0,16611930.0,1082405.0
2024-03-01,491646,84307090.0,171.47925539921,20.0,1251.0210686589685,5.0,85.0,280.0,500.0,2095.0,81388235.0,9278940.0,76133365.0,25011375.0,24849055.0,21749760.0,1388750.0
2024-04-01,490133,89091910.0,181.7708866776977,20.0,1390.4653546956472,5.0,95.0,295.0,520.0,2170.0,85725615.0,9987560.0,80230710.0,28654260.0,22189410.0,24462950.0,1871155.0
2024-05-01,516624,90405780.0,174.99338009848555,20.0,1272.4409685199707,5.0,90.0,300.0,525.0,1995.0,87947155.0,11825930.0,79832995.0,31158010.0,19349435.0,23675600.0,2749630.0
2024-06-01,531025,88931455.0,167.47131490984418,20.0,1292.6596954538422,5.0,90.0,290.0,500.0,1835.0,86396210.0,8041310.0,82205650.0,34254345.0,17178125.0,19606040.0,3883555.0
2024-07-01,536263,88028220.0,164.15120938793092,20.0,1257.9121911978305,5.0,90.0,285.0,490.0,1815.0,85128770.0,7095330.0,82355670.0,34448980.0,14766610.0,19186100.0,5070185.0
2024-08-01,565140,106099520.0,187.74024135612416,25.0,1474.308232817706,5.0,95.0,310.0,550.0,2265.0,101797980.0,9145695.0,98404605.0,43639920.0,20860785.0,22993405.0,3714345.0
2024-09-01,579217,119596695.0,206.47994620323644,25.0,1682.5800638846863,10.0,105.0,345.0,605.0,2270.0,114548255.0,9119505.0,111875105.0,44297925.0,27278895.0,29818800.0,3403945.0
2024-10-01,537993,112293055.0,208.72586632168077,25.0,1649.0985005417574,5.0,110.0,350.0,625.0,2480.0,107819925.0,8566550.0,105050995.0,37442254.0,27542260.0,29860865.0,2619255.0
2024-11-01,480036,111412795.0,232.09258263963537,20.0,1536.167131317563,5.0,95.0,300.0,575.0,3598.2500000001164,108751740.0,7295550.0,105219545.0,27494140.0,51600957.0,18994600.0,1276355.0
2024-12-01,427221,51912720.0,121.51256609576777,20.0,876.4792388790586,5.0,70.0,215.0,380.0,1315.0,49890830.0,3660685.0,49191255.0,14799465.0,16139115.0,10938940.0,804770.0
2025-01-01,434139,65597645.0,151.09825424576,20.0,1144.213632232953,5.0,85.0,265.0,460.0,1665.0,62061640.0,4321210.0,62225000.0,18831930.0,21242800.0,14527810.0,1164710.0
2025-02-01,422336,66482800.0,157.41684346113047,20.0,1201.7379414365228,5.0,90.0,270.0,465.0,1705.0,63711335.0,4889855.0,62465455.0,18916200.0,19696535.0,17232550.0,1239095.0
2025-03-01,533128,107795835.0,202.1950357137498,25.0,1506.3310310024556,5.0,105.0,340.0,605.0,2405.0,103959345.0,13065740.0,95996795.0,30553960.0,32284890.0,29731975.0,1895175.0
2025-04-01,536884,108460760.0,202.01898361657265,25.0,1551.531861151952,5.0,105.0,335.0,590.0,2345.0,104679415.0,14304420.0,95453175.0,34571000.0,25309240.0,31573420.0,2934275.0
2025-05-01,572434,109111240.0,190.60929294905614,25.0,1413.5745428068572,5.0,105.0,330.0,585.0,2135.0,106089770.0,15920920.0,94592235.0,37055305.0,26986200.0,26928815.0,3063160.0
2025-06-01,587333,106154040.0,180.7391037111826,25.0,1404.5301411556936,5.0,100.0,320.0,570.0,1915.0,103197590.0,11399785.0,96293995.0,36689140.0,21249455.0,26450850.0,5384890.0
2025-07-01,622586,116543950.0,187.19333553918656,25.0,1456.360706709435,10.0,105.0,335.0,595.0,1990.0,112502130.0,12040730.0,106222580.0,45040805.0,20909780.0,25678105.0,6916595.0
2025-08-01,675756,147537875.0,218.33009991772178,25.0,1688.0136994556408,10.0,115.0,370.0,690.0,2550.0,141755210.0,17939895.0,131447550.0,55909825.0,33446155.0,32587825.0,6247765.0
2025-09-01,663591,153858395.0,231.85726599667566,25.0,1954.163065626631,10.0,125.0,395.0,720.0,2495.0,146595625.0,15197725.0,140334600.0,54040025.0,34549500.0,40555211.0,5535635.0
2025-10-01,609293,136197715.0,223.53402221919504,25.0,1816.1114272212335,10.0,115.0,390.0,720.0,2490.0,130365960.0,13067940.0,124622285.0,44195865.0,34340120.0,37154170.0,4071580.0
2025-11-01,564420,140296040.0,248.56674107933807,20.0,1715.552940981795,5.0,100.0,345.0,645.0,3525.0,134802725.0,11123525.0,130457330.0,34832880.0,63401913.0,24098995.0,2682005.0
2025-12-01,525719,79109665.0,150.47899162860767,20.0,1175.059309977463,5.0,85.0,275.0,485.0,1635.0,75735725.0,6988770.0,73318650.0,23004890.0,23306540.0,17018490.0,3011045.0
2026-01-01,531336,97352700.0,183.22248069018474,20.0,1485.3352163502518,5.0,100.0,325.0,580.0,1930.0,92564620.0,8363710.0,90174110.0,26962705.0,29453150.0,23384380.0,4423740.0
2026-02-01,513004,93359510.0,181.9859299342695,20.0,1558.4063597445215,5.0,95.0,310.0,550.0,1910.0,87341980.0,8625575.0,85734060.0,23956280.0,28044800.0,25290720.0,4585715.0
2026-03-01,677266,308372780.0,455.3200367359354,45.0,3814.771850109967,15.0,225.0,745.0,1400.0,5270.0,158586525.0,43897812.0,263494195.0,86664855.0,92102405.0,97959530.0,16774650.0
